nombre,camara,legislatura,sigla_partido,tipo_registro,fuente_url,fuente_tipo,metodo,nivel_confianza
"Abdala, Washington",senado,46,PC,integrante_temporal,https://parlamento.gub.uy/sobreelparlamento/integracionhistorica/josn?Cpo_Codigo=S&Quienes=I&Fecha%5Bdate%5D=2005-03-15&Fecha%5Btime%5D=00%3A00&_format=json,dataset,dataset,confirmado
"Abreu, Sergio",senado,46,PN,titular,https://parlamento.gub.uy/sobreelparlamento/integracionhistorica/josn?Cpo_Codigo=S&Quienes=I&Fecha%5Bdate%5D=2005-02-15&Fecha%5Btime%5D=00%3A00&_format=json,dataset,dataset,confirmado
"Agazzi, Ernesto",senado,46,FA,titular,https://parlamento.gub.uy/sobreelparlamento/integracionhistorica/josn?Cpo_Codigo=S&Quienes=I&Fecha%5Bdate%5D=2005-02-15&Fecha%5Btime%5D=00%3A00&_format=json,dataset,dataset,confirmado
"Aguirre Ramírez, Gonzalo",senado,46,PN,integrante_temporal,https://parlamento.gub.uy/sobreelparlamento/integracionhistorica/josn?Cpo_Codigo=S&Quienes=I&Fecha%5Bdate%5D=2005-03-15&Fecha%5Btime%5D=00%3A00&_format=json,dataset,dataset,confirmado
"Aguirrezabala, Martín",senado,46,PC,integrante_temporal,https://parlamento.gub.uy/sobreelparlamento/integracionhistorica/josn?Cpo_Codigo=S&Quienes=I&Fecha%5Bdate%5D=2005-08-02&Fecha%5Btime%5D=00%3A00&_format=json,dataset,dataset,confirmado
"Alcorta, Ricardo",senado,46,FA,integrante_temporal,https://parlamento.gub.uy/sobreelparlamento/integracionhistorica/josn?Cpo_Codigo=S&Quienes=I&Fecha%5Bdate%5D=2005-06-07&Fecha%5Btime%5D=00%3A00&_format=json,dataset,dataset,confirmado
"Alfie, Isaac",senado,46,PC,titular,https://parlamento.gub.uy/sobreelparlamento/integracionhistorica/josn?Cpo_Codigo=S&Quienes=I&Fecha%5Bdate%5D=2005-03-15&Fecha%5Btime%5D=00%3A00&_format=json,dataset,dataset,confirmado
"Amaro Corrado, Juan Justo",senado,46,PC,titular,https://parlamento.gub.uy/sobreelparlamento/integracionhistorica/josn?Cpo_Codigo=S&Quienes=I&Fecha%5Bdate%5D=2005-02-15&Fecha%5Btime%5D=00%3A00&_format=json,dataset,dataset,confirmado
"Amorín, José",senado,46,PC,integrante_temporal,https://parlamento.gub.uy/camarasycomisiones/legisladores/1044,manual,biografia,alto
"Andújar, José",senado,46,PN,integrante_temporal,https://parlamento.gub.uy/sobreelparlamento/integracionhistorica/josn?Cpo_Codigo=S&Quienes=I&Fecha%5Bdate%5D=2006-05-09&Fecha%5Btime%5D=00%3A00&_format=json,dataset,dataset,confirmado
"Antía, Enrique",senado,46,PN,titular,https://parlamento.gub.uy/sobreelparlamento/integracionhistorica/josn?Cpo_Codigo=S&Quienes=I&Fecha%5Bdate%5D=2005-02-15&Fecha%5Btime%5D=00%3A00&_format=json,dataset,dataset,confirmado
"Antognazza, Milton",senado,46,FA,integrante_temporal,https://parlamento.gub.uy/sobreelparlamento/integracionhistorica/josn?Cpo_Codigo=S&Quienes=I&Fecha%5Bdate%5D=2005-09-13&Fecha%5Btime%5D=00%3A00&_format=json,dataset,dataset,confirmado
"Arana, Mariano",senado,46,FA,titular,https://parlamento.gub.uy/sobreelparlamento/integracionhistorica/josn?Cpo_Codigo=S&Quienes=I&Fecha%5Bdate%5D=2005-02-15&Fecha%5Btime%5D=00%3A00&_format=json,dataset,dataset,confirmado
"Arismendi, Marina",senado,46,FA,titular,https://parlamento.gub.uy/sobreelparlamento/integracionhistorica/josn?Cpo_Codigo=S&Quienes=I&Fecha%5Bdate%5D=2005-02-15&Fecha%5Btime%5D=00%3A00&_format=json,dataset,dataset,confirmado
"Astori, Danilo",senado,46,FA,titular,https://parlamento.gub.uy/sobreelparlamento/integracionhistorica/josn?Cpo_Codigo=S&Quienes=I&Fecha%5Bdate%5D=2005-02-15&Fecha%5Btime%5D=00%3A00&_format=json,dataset,dataset,confirmado
"Baráibar, Carlos",senado,46,FA,integrante_temporal,https://parlamento.gub.uy/sobreelparlamento/integracionhistorica/josn?Cpo_Codigo=S&Quienes=I&Fecha%5Bdate%5D=2005-03-01&Fecha%5Btime%5D=00%3A00&_format=json,dataset,dataset,confirmado
"Batlle Ibañez, Jorge",senado,46,PC,integrante_temporal,https://parlamento.gub.uy/sobreelparlamento/integracionhistorica/josn?Cpo_Codigo=S&Quienes=I&Fecha%5Bdate%5D=2005-02-15&Fecha%5Btime%5D=00%3A00&_format=json,dataset,dataset,confirmado
"Bayardi, José",senado,46,FA,integrante_temporal,https://parlamento.gub.uy/sobreelparlamento/integracionhistorica/josn?Cpo_Codigo=S&Quienes=I&Fecha%5Bdate%5D=2009-09-08&Fecha%5Btime%5D=00%3A00&_format=json,dataset,dataset,confirmado
"Bentancor, Juan José",senado,46,FA,titular,https://parlamento.gub.uy/sobreelparlamento/integracionhistorica/josn?Cpo_Codigo=S&Quienes=I&Fecha%5Bdate%5D=2005-09-13&Fecha%5Btime%5D=00%3A00&_format=json,dataset,dataset,confirmado
"Bonomi, Eduardo",senado,46,FA,integrante_temporal,https://parlamento.gub.uy/sobreelparlamento/integracionhistorica/josn?Cpo_Codigo=S&Quienes=I&Fecha%5Bdate%5D=2009-07-14&Fecha%5Btime%5D=00%3A00&_format=json,dataset,dataset,confirmado
"Botana, Sergio",senado,46,PN,integrante_temporal,https://parlamento.gub.uy/sobreelparlamento/integracionhistorica/josn?Cpo_Codigo=S&Quienes=I&Fecha%5Bdate%5D=2006-09-12&Fecha%5Btime%5D=00%3A00&_format=json,dataset,dataset,confirmado
"Brause Berreta, Alberto Juan",senado,46,PC,integrante_temporal,https://parlamento.gub.uy/sobreelparlamento/integracionhistorica/josn?Cpo_Codigo=S&Quienes=I&Fecha%5Bdate%5D=2005-07-05&Fecha%5Btime%5D=00%3A00&_format=json,dataset,dataset,confirmado
"Breccia Guzzo, Alberto",senado,46,FA,integrante_temporal,https://parlamento.gub.uy/sobreelparlamento/integracionhistorica/josn?Cpo_Codigo=S&Quienes=I&Fecha%5Bdate%5D=2005-03-15&Fecha%5Btime%5D=00%3A00&_format=json,dataset,dataset,confirmado
"Campanella, Walter Hugo",senado,46,PN,integrante_temporal,https://parlamento.gub.uy/sobreelparlamento/integracionhistorica/josn?Cpo_Codigo=S&Quienes=I&Fecha%5Bdate%5D=2007-07-17&Fecha%5Btime%5D=00%3A00&_format=json,dataset,dataset,confirmado
"Camy Antognazza, Carlos",senado,46,PN,integrante_temporal,https://parlamento.gub.uy/sobreelparlamento/integracionhistorica/josn?Cpo_Codigo=S&Quienes=I&Fecha%5Bdate%5D=2005-05-10&Fecha%5Btime%5D=00%3A00&_format=json,dataset,dataset,confirmado
"Cardoso, José Carlos",senado,46,PN,integrante_temporal,https://parlamento.gub.uy/sobreelparlamento/integracionhistorica/josn?Cpo_Codigo=S&Quienes=I&Fecha%5Bdate%5D=2006-07-04&Fecha%5Btime%5D=00%3A00&_format=json,dataset,dataset,confirmado
"Cardozo Ferreira, Julio",senado,46,PN,integrante_temporal,https://parlamento.gub.uy/camarasycomisiones/legisladores/5364,manual,biografia,alto
"Castro, Nora",senado,46,FA,integrante_temporal,https://parlamento.gub.uy/sobreelparlamento/integracionhistorica/josn?Cpo_Codigo=S&Quienes=I&Fecha%5Bdate%5D=2006-03-14&Fecha%5Btime%5D=00%3A00&_format=json,dataset,dataset,confirmado
"Chiruchi, Juan Antonio",senado,46,PN,titular,https://parlamento.gub.uy/sobreelparlamento/integracionhistorica/josn?Cpo_Codigo=S&Quienes=I&Fecha%5Bdate%5D=2005-02-15&Fecha%5Btime%5D=00%3A00&_format=json,dataset,dataset,confirmado
"Cid, Alberto",senado,46,FA,titular,https://parlamento.gub.uy/sobreelparlamento/integracionhistorica/josn?Cpo_Codigo=S&Quienes=I&Fecha%5Bdate%5D=2005-02-15&Fecha%5Btime%5D=00%3A00&_format=json,dataset,dataset,confirmado
"Costa Franco, Leonardo",senado,46,PC,integrante_temporal,https://parlamento.gub.uy/sobreelparlamento/integracionhistorica/josn?Cpo_Codigo=S&Quienes=I&Fecha%5Bdate%5D=2008-06-03&Fecha%5Btime%5D=00%3A00&_format=json,dataset,dataset,confirmado
"Couriel, Alberto",senado,46,FA,titular,https://parlamento.gub.uy/sobreelparlamento/integracionhistorica/josn?Cpo_Codigo=S&Quienes=I&Fecha%5Bdate%5D=2005-02-15&Fecha%5Btime%5D=00%3A00&_format=json,dataset,dataset,confirmado
"Da Rosa, Eber",senado,46,PN,titular,https://parlamento.gub.uy/sobreelparlamento/integracionhistorica/josn?Cpo_Codigo=S&Quienes=I&Fecha%5Bdate%5D=2005-02-15&Fecha%5Btime%5D=00%3A00&_format=json,dataset,dataset,confirmado
"Dalmás, Susana",senado,46,FA,titular,https://parlamento.gub.uy/sobreelparlamento/integracionhistorica/josn?Cpo_Codigo=S&Quienes=I&Fecha%5Bdate%5D=2005-02-15&Fecha%5Btime%5D=00%3A00&_format=json,dataset,dataset,confirmado
"Domínguez, Juan José",senado,46,FA,integrante_temporal,https://parlamento.gub.uy/sobreelparlamento/integracionhistorica/josn?Cpo_Codigo=S&Quienes=I&Fecha%5Bdate%5D=2007-09-25&Fecha%5Btime%5D=00%3A00&_format=json,dataset,dataset,confirmado
"Doti Genta, David",senado,46,PN,integrante_temporal,https://parlamento.gub.uy/sobreelparlamento/integracionhistorica/josn?Cpo_Codigo=S&Quienes=I&Fecha%5Bdate%5D=2008-08-26&Fecha%5Btime%5D=00%3A00&_format=json,dataset,dataset,confirmado
"Fernández Huidobro, Eleuterio",senado,46,FA,titular,https://parlamento.gub.uy/sobreelparlamento/integracionhistorica/josn?Cpo_Codigo=S&Quienes=I&Fecha%5Bdate%5D=2005-02-15&Fecha%5Btime%5D=00%3A00&_format=json,dataset,dataset,confirmado
"Gallicchio Queirolo, Antonio",senado,46,FA,integrante_temporal,https://parlamento.gub.uy/sobreelparlamento/integracionhistorica/josn?Cpo_Codigo=S&Quienes=I&Fecha%5Bdate%5D=2008-05-06&Fecha%5Btime%5D=00%3A00&_format=json,dataset,dataset,confirmado
"Gallinal, Francisco",senado,46,PN,titular,https://parlamento.gub.uy/sobreelparlamento/integracionhistorica/josn?Cpo_Codigo=S&Quienes=I&Fecha%5Bdate%5D=2005-02-15&Fecha%5Btime%5D=00%3A00&_format=json,dataset,dataset,confirmado
"Gamou, Carlos",senado,46,FA,integrante_temporal,https://parlamento.gub.uy/sobreelparlamento/integracionhistorica/josn?Cpo_Codigo=S&Quienes=I&Fecha%5Bdate%5D=2005-12-06&Fecha%5Btime%5D=00%3A00&_format=json,dataset,dataset,confirmado
"Gandini, Jorge",senado,46,PN,integrante_temporal,https://parlamento.gub.uy/sobreelparlamento/integracionhistorica/josn?Cpo_Codigo=S&Quienes=I&Fecha%5Bdate%5D=2007-11-20&Fecha%5Btime%5D=00%3A00&_format=json,dataset,dataset,confirmado
"Gargano, Reinaldo",senado,46,FA,titular,https://parlamento.gub.uy/sobreelparlamento/integracionhistorica/josn?Cpo_Codigo=S&Quienes=I&Fecha%5Bdate%5D=2005-02-15&Fecha%5Btime%5D=00%3A00&_format=json,dataset,dataset,confirmado
"Guarino, Gustavo",senado,46,FA,integrante_temporal,https://parlamento.gub.uy/sobreelparlamento/integracionhistorica/josn?Cpo_Codigo=S&Quienes=I&Fecha%5Bdate%5D=2005-10-11&Fecha%5Btime%5D=00%3A00&_format=json,dataset,dataset,confirmado
"Heber Füllgraff, Arturo",senado,46,PN,integrante_temporal,https://parlamento.gub.uy/sobreelparlamento/integracionhistorica/josn?Cpo_Codigo=S&Quienes=I&Fecha%5Bdate%5D=2007-04-24&Fecha%5Btime%5D=00%3A00&_format=json,dataset,dataset,confirmado
"Heber, Luis Alberto",senado,46,PN,titular,https://parlamento.gub.uy/sobreelparlamento/integracionhistorica/josn?Cpo_Codigo=S&Quienes=I&Fecha%5Bdate%5D=2005-02-15&Fecha%5Btime%5D=00%3A00&_format=json,dataset,dataset,confirmado
"Hierro López, Luis A.",senado,46,PC,integrante_temporal,https://parlamento.gub.uy/sobreelparlamento/integracionhistorica/josn?Cpo_Codigo=S&Quienes=I&Fecha%5Bdate%5D=2009-03-24&Fecha%5Btime%5D=00%3A00&_format=json,dataset,dataset,confirmado
"Iturralde Viñas, Pablo",senado,46,PN,integrante_temporal,https://parlamento.gub.uy/sobreelparlamento/integracionhistorica/josn?Cpo_Codigo=S&Quienes=I&Fecha%5Bdate%5D=2005-09-27&Fecha%5Btime%5D=00%3A00&_format=json,dataset,dataset,confirmado
"Korzeniak, José",senado,46,FA,integrante_temporal,https://parlamento.gub.uy/sobreelparlamento/integracionhistorica/josn?Cpo_Codigo=S&Quienes=I&Fecha%5Bdate%5D=2005-03-01&Fecha%5Btime%5D=00%3A00&_format=json,dataset,dataset,confirmado
"Laguarda, Manuel",senado,46,FA,integrante_temporal,https://parlamento.gub.uy/sobreelparlamento/integracionhistorica/josn?Cpo_Codigo=S&Quienes=I&Fecha%5Bdate%5D=2007-04-24&Fecha%5Btime%5D=00%3A00&_format=json,dataset,dataset,confirmado
"Lapaz Correa, Gustavo Javier",senado,46,PN,titular,https://parlamento.gub.uy/sobreelparlamento/integracionhistorica/josn?Cpo_Codigo=S&Quienes=I&Fecha%5Bdate%5D=2005-07-19&Fecha%5Btime%5D=00%3A00&_format=json,dataset,dataset,confirmado
"Lara Gilene, Julio C.",senado,46,PN,titular,https://parlamento.gub.uy/sobreelparlamento/integracionhistorica/josn?Cpo_Codigo=S&Quienes=I&Fecha%5Bdate%5D=2005-02-15&Fecha%5Btime%5D=00%3A00&_format=json,dataset,dataset,confirmado
"Larrañaga, Jorge",senado,46,PN,titular,https://parlamento.gub.uy/sobreelparlamento/integracionhistorica/josn?Cpo_Codigo=S&Quienes=I&Fecha%5Bdate%5D=2005-02-15&Fecha%5Btime%5D=00%3A00&_format=json,dataset,dataset,confirmado
"Leglise, Luis M.",senado,46,PN,integrante_temporal,https://parlamento.gub.uy/sobreelparlamento/integracionhistorica/josn?Cpo_Codigo=S&Quienes=I&Fecha%5Bdate%5D=2005-04-12&Fecha%5Btime%5D=00%3A00&_format=json,dataset,dataset,confirmado
"Lev, León",senado,46,FA,integrante_temporal,https://parlamento.gub.uy/sobreelparlamento/integracionhistorica/josn?Cpo_Codigo=S&Quienes=I&Fecha%5Bdate%5D=2005-06-21&Fecha%5Btime%5D=00%3A00&_format=json,dataset,dataset,confirmado
"Lezama, Germán",senado,46,FA,integrante_temporal,https://parlamento.gub.uy/sobreelparlamento/integracionhistorica/josn?Cpo_Codigo=S&Quienes=I&Fecha%5Bdate%5D=2006-08-29&Fecha%5Btime%5D=00%3A00&_format=json,dataset,dataset,confirmado
"Long, Ruperto",senado,46,PN,titular,https://parlamento.gub.uy/sobreelparlamento/integracionhistorica/josn?Cpo_Codigo=S&Quienes=I&Fecha%5Bdate%5D=2005-02-15&Fecha%5Btime%5D=00%3A00&_format=json,dataset,dataset,confirmado
"López, Sara",senado,46,FA,integrante_temporal,https://parlamento.gub.uy/sobreelparlamento/integracionhistorica/josn?Cpo_Codigo=S&Quienes=I&Fecha%5Bdate%5D=2006-07-18&Fecha%5Btime%5D=00%3A00&_format=json,dataset,dataset,confirmado
"Lorier, Eduardo",senado,46,FA,integrante_temporal,https://parlamento.gub.uy/sobreelparlamento/integracionhistorica/josn?Cpo_Codigo=S&Quienes=I&Fecha%5Bdate%5D=2005-03-15&Fecha%5Btime%5D=00%3A00&_format=json,dataset,dataset,confirmado
"Mahía, José Carlos",senado,46,FA,integrante_temporal,https://parlamento.gub.uy/sobreelparlamento/integracionhistorica/josn?Cpo_Codigo=S&Quienes=I&Fecha%5Bdate%5D=2006-11-07&Fecha%5Btime%5D=00%3A00&_format=json,dataset,dataset,confirmado
"Martorell Librán, Abayubá",senado,46,FA,integrante_temporal,https://parlamento.gub.uy/sobreelparlamento/integracionhistorica/josn?Cpo_Codigo=S&Quienes=I&Fecha%5Bdate%5D=2006-11-07&Fecha%5Btime%5D=00%3A00&_format=json,dataset,dataset,confirmado
"Máspoli Bianchi, Juan",senado,46,PC,integrante_temporal,https://parlamento.gub.uy/sobreelparlamento/integracionhistorica/josn?Cpo_Codigo=S&Quienes=I&Fecha%5Bdate%5D=2009-09-08&Fecha%5Btime%5D=00%3A00&_format=json,dataset,dataset,confirmado
"Mazzulo, Carlos",senado,46,PN,integrante_temporal,https://parlamento.gub.uy/sobreelparlamento/integracionhistorica/josn?Cpo_Codigo=S&Quienes=I&Fecha%5Bdate%5D=2006-10-10&Fecha%5Btime%5D=00%3A00&_format=json,dataset,dataset,confirmado
"Michelini, Rafael",senado,46,FA,titular,https://parlamento.gub.uy/sobreelparlamento/integracionhistorica/josn?Cpo_Codigo=S&Quienes=I&Fecha%5Bdate%5D=2005-02-15&Fecha%5Btime%5D=00%3A00&_format=json,dataset,dataset,confirmado
"Moreira, Carlos",senado,46,PN,titular,https://parlamento.gub.uy/sobreelparlamento/integracionhistorica/josn?Cpo_Codigo=S&Quienes=I&Fecha%5Bdate%5D=2005-02-15&Fecha%5Btime%5D=00%3A00&_format=json,dataset,dataset,confirmado
"Muguruza, Eduardo",senado,46,FA,titular,https://parlamento.gub.uy/sobreelparlamento/integracionhistorica/josn?Cpo_Codigo=S&Quienes=I&Fecha%5Bdate%5D=2009-01-13&Fecha%5Btime%5D=00%3A00&_format=json,dataset,dataset,confirmado
"Mujica, José",senado,46,FA,titular,https://parlamento.gub.uy/sobreelparlamento/integracionhistorica/josn?Cpo_Codigo=S&Quienes=I&Fecha%5Bdate%5D=2005-02-15&Fecha%5Btime%5D=00%3A00&_format=json,dataset,dataset,confirmado
"Nicolini, Leonardo",senado,46,FA,integrante_temporal,https://parlamento.gub.uy/sobreelparlamento/integracionhistorica/josn?Cpo_Codigo=S&Quienes=I&Fecha%5Bdate%5D=2005-03-01&Fecha%5Btime%5D=00%3A00&_format=json,dataset,dataset,confirmado
"Nin Novoa, Rodolfo",senado,46,FA,titular,https://parlamento.gub.uy/sobreelparlamento/integracionhistorica/josn?Cpo_Codigo=S&Quienes=I&Fecha%5Bdate%5D=2005-02-15&Fecha%5Btime%5D=00%3A00&_format=json,dataset,dataset,confirmado
"Núñez, Manuel",senado,46,FA,integrante_temporal,https://parlamento.gub.uy/sobreelparlamento/integracionhistorica/josn?Cpo_Codigo=S&Quienes=I&Fecha%5Bdate%5D=2005-08-16&Fecha%5Btime%5D=00%3A00&_format=json,dataset,dataset,confirmado
"Obispo, Ruben",senado,46,FA,integrante_temporal,https://parlamento.gub.uy/sobreelparlamento/integracionhistorica/josn?Cpo_Codigo=S&Quienes=I&Fecha%5Bdate%5D=2006-09-26&Fecha%5Btime%5D=00%3A00&_format=json,dataset,dataset,confirmado
"Oliver, Luis",senado,46,FA,integrante_temporal,https://parlamento.gub.uy/sobreelparlamento/integracionhistorica/josn?Cpo_Codigo=S&Quienes=I&Fecha%5Bdate%5D=2006-07-04&Fecha%5Btime%5D=00%3A00&_format=json,dataset,dataset,confirmado
"Opertti Badán, Didier",senado,46,PC,integrante_temporal,https://parlamento.gub.uy/sobreelparlamento/integracionhistorica/josn?Cpo_Codigo=S&Quienes=I&Fecha%5Bdate%5D=2008-10-21&Fecha%5Btime%5D=00%3A00&_format=json,dataset,dataset,confirmado
"Penadés, Gustavo",senado,46,PN,titular,https://parlamento.gub.uy/sobreelparlamento/integracionhistorica/josn?Cpo_Codigo=S&Quienes=I&Fecha%5Bdate%5D=2005-02-15&Fecha%5Btime%5D=00%3A00&_format=json,dataset,dataset,confirmado
"Peña Fernández, Daniel",senado,46,PN,integrante_temporal,https://parlamento.gub.uy/camarasycomisiones/legisladores/5165,manual,biografia,alto
"Percovich, Margarita",senado,46,FA,titular,https://parlamento.gub.uy/sobreelparlamento/integracionhistorica/josn?Cpo_Codigo=S&Quienes=I&Fecha%5Bdate%5D=2005-03-01&Fecha%5Btime%5D=00%3A00&_format=json,dataset,dataset,confirmado
"Perdomo Gamarra, Alberto",senado,46,PN,integrante_temporal,https://parlamento.gub.uy/sobreelparlamento/integracionhistorica/josn?Cpo_Codigo=S&Quienes=I&Fecha%5Bdate%5D=2007-07-31&Fecha%5Btime%5D=00%3A00&_format=json,dataset,dataset,confirmado
"Pérez Antón, Romeo",senado,46,PN,integrante_temporal,https://parlamento.gub.uy/sobreelparlamento/integracionhistorica/josn?Cpo_Codigo=S&Quienes=I&Fecha%5Bdate%5D=2007-07-03&Fecha%5Btime%5D=00%3A00&_format=json,dataset,dataset,confirmado
"Pintado, Enrique",senado,46,FA,integrante_temporal,https://parlamento.gub.uy/sobreelparlamento/integracionhistorica/josn?Cpo_Codigo=S&Quienes=I&Fecha%5Bdate%5D=2005-03-15&Fecha%5Btime%5D=00%3A00&_format=json,dataset,dataset,confirmado
"Ramela, Carlos",senado,46,PC,integrante_temporal,https://parlamento.gub.uy/sobreelparlamento/integracionhistorica/josn?Cpo_Codigo=S&Quienes=I&Fecha%5Bdate%5D=2006-10-10&Fecha%5Btime%5D=00%3A00&_format=json,dataset,dataset,confirmado
"Ríos, Eduardo",senado,46,FA,integrante_temporal,https://parlamento.gub.uy/sobreelparlamento/integracionhistorica/josn?Cpo_Codigo=S&Quienes=I&Fecha%5Bdate%5D=2005-03-15&Fecha%5Btime%5D=00%3A00&_format=json,dataset,dataset,confirmado
"Rodríguez, Ambrosio",senado,46,PN,integrante_temporal,https://parlamento.gub.uy/sobreelparlamento/integracionhistorica/josn?Cpo_Codigo=S&Quienes=I&Fecha%5Bdate%5D=2005-07-05&Fecha%5Btime%5D=00%3A00&_format=json,dataset,dataset,confirmado
"Romero Cabrera, Jorge",senado,46,PN,integrante_temporal,https://parlamento.gub.uy/sobreelparlamento/integracionhistorica/josn?Cpo_Codigo=S&Quienes=I&Fecha%5Bdate%5D=2005-08-16&Fecha%5Btime%5D=00%3A00&_format=json,dataset,dataset,confirmado
"Rosadilla, Luis",senado,46,FA,integrante_temporal,https://parlamento.gub.uy/sobreelparlamento/integracionhistorica/josn?Cpo_Codigo=S&Quienes=I&Fecha%5Bdate%5D=2005-12-06&Fecha%5Btime%5D=00%3A00&_format=json,dataset,dataset,confirmado
"Rubio, Enrique",senado,46,FA,titular,https://parlamento.gub.uy/sobreelparlamento/integracionhistorica/josn?Cpo_Codigo=S&Quienes=I&Fecha%5Bdate%5D=2005-02-15&Fecha%5Btime%5D=00%3A00&_format=json,dataset,dataset,confirmado
"Salsamendi, Javier",senado,46,FA,integrante_temporal,https://parlamento.gub.uy/sobreelparlamento/integracionhistorica/josn?Cpo_Codigo=S&Quienes=I&Fecha%5Bdate%5D=2006-11-07&Fecha%5Btime%5D=00%3A00&_format=json,dataset,dataset,confirmado
"Sanguinetti, Julio María",senado,46,PC,titular,https://parlamento.gub.uy/sobreelparlamento/integracionhistorica/josn?Cpo_Codigo=S&Quienes=I&Fecha%5Bdate%5D=2005-02-15&Fecha%5Btime%5D=00%3A00&_format=json,dataset,dataset,confirmado
"Saravia, Jorge",senado,46,FA,titular,https://parlamento.gub.uy/sobreelparlamento/integracionhistorica/josn?Cpo_Codigo=S&Quienes=I&Fecha%5Bdate%5D=2005-02-15&Fecha%5Btime%5D=00%3A00&_format=json,dataset,dataset,confirmado
"Segovia, Albérico",senado,46,FA,integrante_temporal,https://parlamento.gub.uy/sobreelparlamento/integracionhistorica/josn?Cpo_Codigo=S&Quienes=I&Fecha%5Bdate%5D=2005-05-10&Fecha%5Btime%5D=00%3A00&_format=json,dataset,dataset,confirmado
"Semproni, Víctor",senado,46,FA,integrante_temporal,https://parlamento.gub.uy/sobreelparlamento/integracionhistorica/josn?Cpo_Codigo=S&Quienes=I&Fecha%5Bdate%5D=2008-06-17&Fecha%5Btime%5D=00%3A00&_format=json,dataset,dataset,confirmado
"Singlet Echenique, Manuel María",senado,46,PN,integrante_temporal,https://parlamento.gub.uy/sobreelparlamento/integracionhistorica/josn?Cpo_Codigo=S&Quienes=I&Fecha%5Bdate%5D=2005-11-08&Fecha%5Btime%5D=00%3A00&_format=json,dataset,dataset,confirmado
"Soto Durán, Enrique",senado,46,FA,integrante_temporal,https://parlamento.gub.uy/sobreelparlamento/integracionhistorica/josn?Cpo_Codigo=S&Quienes=I&Fecha%5Bdate%5D=2005-07-05&Fecha%5Btime%5D=00%3A00&_format=json,dataset,dataset,confirmado
"Tajam, Héctor",senado,46,FA,titular,https://parlamento.gub.uy/sobreelparlamento/integracionhistorica/josn?Cpo_Codigo=S&Quienes=I&Fecha%5Bdate%5D=2005-05-10&Fecha%5Btime%5D=00%3A00&_format=json,dataset,dataset,confirmado
"Topolansky, Lucía",senado,46,FA,integrante_temporal,https://parlamento.gub.uy/sobreelparlamento/integracionhistorica/josn?Cpo_Codigo=S&Quienes=I&Fecha%5Bdate%5D=2005-03-01&Fecha%5Btime%5D=00%3A00&_format=json,dataset,dataset,confirmado
"Trobo, Jaime Mario",senado,46,PN,integrante_temporal,https://parlamento.gub.uy/sobreelparlamento/integracionhistorica/josn?Cpo_Codigo=S&Quienes=I&Fecha%5Bdate%5D=2008-04-22&Fecha%5Btime%5D=00%3A00&_format=json,dataset,dataset,confirmado
"Vaillant, Víctor",senado,46,FA,titular,https://parlamento.gub.uy/sobreelparlamento/integracionhistorica/josn?Cpo_Codigo=S&Quienes=I&Fecha%5Bdate%5D=2005-02-15&Fecha%5Btime%5D=00%3A00&_format=json,dataset,dataset,confirmado
"Vidalín, Carmelo",senado,46,PN,integrante_temporal,https://parlamento.gub.uy/camarasycomisiones/legisladores/5193,manual,biografia,alto
"Xavier, Mónica",senado,46,FA,titular,https://parlamento.gub.uy/sobreelparlamento/integracionhistorica/josn?Cpo_Codigo=S&Quienes=I&Fecha%5Bdate%5D=2005-02-15&Fecha%5Btime%5D=00%3A00&_format=json,dataset,dataset,confirmado
"Abdala, Pablo",senado,47,PN,integrante_temporal,https://parlamento.gub.uy/sobreelparlamento/integracionhistorica/josn?Cpo_Codigo=S&Quienes=I&Fecha%5Bdate%5D=2010-11-22&Fecha%5Btime%5D=00%3A00&_format=json,dataset,dataset,confirmado
"Abreu, Sergio",senado,47,PN,titular,https://parlamento.gub.uy/sobreelparlamento/integracionhistorica/josn?Cpo_Codigo=S&Quienes=I&Fecha%5Bdate%5D=2010-02-15&Fecha%5Btime%5D=00%3A00&_format=json,dataset,dataset,confirmado
"Agazzi, Ernesto",senado,47,FA,titular,https://parlamento.gub.uy/sobreelparlamento/integracionhistorica/josn?Cpo_Codigo=S&Quienes=I&Fecha%5Bdate%5D=2010-02-15&Fecha%5Btime%5D=00%3A00&_format=json,dataset,dataset,confirmado
"Alonso, Verónica",senado,47,PN,integrante_temporal,https://parlamento.gub.uy/sobreelparlamento/integracionhistorica/josn?Cpo_Codigo=S&Quienes=I&Fecha%5Bdate%5D=2010-09-27&Fecha%5Btime%5D=00%3A00&_format=json,dataset,dataset,confirmado
"Amorín, José",senado,47,PC,titular,https://parlamento.gub.uy/sobreelparlamento/integracionhistorica/josn?Cpo_Codigo=S&Quienes=I&Fecha%5Bdate%5D=2010-02-15&Fecha%5Btime%5D=00%3A00&_format=json,dataset,dataset,confirmado
"Antognazza, Milton",senado,47,FA,integrante_temporal,https://parlamento.gub.uy/sobreelparlamento/integracionhistorica/josn?Cpo_Codigo=S&Quienes=I&Fecha%5Bdate%5D=2010-12-06&Fecha%5Btime%5D=00%3A00&_format=json,dataset,dataset,confirmado
"Astori, Danilo",senado,47,FA,titular,https://parlamento.gub.uy/sobreelparlamento/integracionhistorica/josn?Cpo_Codigo=S&Quienes=I&Fecha%5Bdate%5D=2010-03-01&Fecha%5Btime%5D=00%3A00&_format=json,dataset,dataset,confirmado
"Baráibar, Carlos",senado,47,FA,titular,https://parlamento.gub.uy/sobreelparlamento/integracionhistorica/josn?Cpo_Codigo=S&Quienes=I&Fecha%5Bdate%5D=2010-02-15&Fecha%5Btime%5D=00%3A00&_format=json,dataset,dataset,confirmado
"Barreiro Sabbia, Ambrosio Walter",senado,47,PN,integrante_temporal,https://parlamento.gub.uy/sobreelparlamento/integracionhistorica/josn?Cpo_Codigo=S&Quienes=I&Fecha%5Bdate%5D=2010-11-22&Fecha%5Btime%5D=00%3A00&_format=json,dataset,dataset,confirmado
"Bartesaghi, Jorge T.",senado,47,PN,integrante_temporal,https://parlamento.gub.uy/sobreelparlamento/integracionhistorica/josn?Cpo_Codigo=S&Quienes=I&Fecha%5Bdate%5D=2012-09-24&Fecha%5Btime%5D=00%3A00&_format=json,dataset,dataset,confirmado
"Battistoni, Julio",senado,47,FA,integrante_temporal,https://parlamento.gub.uy/sobreelparlamento/integracionhistorica/josn?Cpo_Codigo=S&Quienes=I&Fecha%5Bdate%5D=2010-05-24&Fecha%5Btime%5D=00%3A00&_format=json,dataset,dataset,confirmado
"Bayardi, José",senado,47,FA,integrante_temporal,https://parlamento.gub.uy/sobreelparlamento/integracionhistorica/josn?Cpo_Codigo=S&Quienes=I&Fecha%5Bdate%5D=2013-05-20&Fecha%5Btime%5D=00%3A00&_format=json,dataset,dataset,confirmado
"Bentancor, Juan José",senado,47,FA,integrante_temporal,https://parlamento.gub.uy/sobreelparlamento/integracionhistorica/josn?Cpo_Codigo=S&Quienes=I&Fecha%5Bdate%5D=2012-05-21&Fecha%5Btime%5D=00%3A00&_format=json,dataset,dataset,confirmado
"Beramendi, Carmen",senado,47,FA,integrante_temporal,https://parlamento.gub.uy/sobreelparlamento/integracionhistorica/josn?Cpo_Codigo=S&Quienes=I&Fecha%5Bdate%5D=2012-03-12&Fecha%5Btime%5D=00%3A00&_format=json,dataset,dataset,confirmado
"Bonomi, Eduardo",senado,47,FA,titular,https://parlamento.gub.uy/sobreelparlamento/integracionhistorica/josn?Cpo_Codigo=S&Quienes=I&Fecha%5Bdate%5D=2010-02-15&Fecha%5Btime%5D=00%3A00&_format=json,dataset,dataset,confirmado
"Bordaberry Herrán, Juan Pedro",senado,47,PC,titular,https://parlamento.gub.uy/sobreelparlamento/integracionhistorica/josn?Cpo_Codigo=S&Quienes=I&Fecha%5Bdate%5D=2010-02-15&Fecha%5Btime%5D=00%3A00&_format=json,dataset,dataset,confirmado
"Brenta Badano, Eduardo Alfonso",senado,47,FA,integrante_temporal,https://parlamento.gub.uy/sobreelparlamento/integracionhistorica/josn?Cpo_Codigo=S&Quienes=I&Fecha%5Bdate%5D=2014-12-29&Fecha%5Btime%5D=00%3A00&_format=json,dataset,dataset,confirmado
"Camy Antognazza, Carlos",senado,47,PN,integrante_temporal,https://parlamento.gub.uy/sobreelparlamento/integracionhistorica/josn?Cpo_Codigo=S&Quienes=I&Fecha%5Bdate%5D=2010-04-12&Fecha%5Btime%5D=00%3A00&_format=json,dataset,dataset,confirmado
"Cardoso, Germán",senado,47,PC,integrante_temporal,https://parlamento.gub.uy/sobreelparlamento/integracionhistorica/josn?Cpo_Codigo=S&Quienes=I&Fecha%5Bdate%5D=2010-06-21&Fecha%5Btime%5D=00%3A00&_format=json,dataset,dataset,confirmado
"Cardoso, José Carlos",senado,47,PN,integrante_temporal,https://parlamento.gub.uy/sobreelparlamento/integracionhistorica/josn?Cpo_Codigo=S&Quienes=I&Fecha%5Bdate%5D=2011-07-18&Fecha%5Btime%5D=00%3A00&_format=json,dataset,dataset,confirmado
"Chiruchi, Juan Antonio",senado,47,PN,titular,https://parlamento.gub.uy/sobreelparlamento/integracionhistorica/josn?Cpo_Codigo=S&Quienes=I&Fecha%5Bdate%5D=2010-02-15&Fecha%5Btime%5D=00%3A00&_format=json,dataset,dataset,confirmado
"Clavijo, Hebert",senado,47,FA,integrante_temporal,https://parlamento.gub.uy/sobreelparlamento/integracionhistorica/josn?Cpo_Codigo=S&Quienes=I&Fecha%5Bdate%5D=2012-07-16&Fecha%5Btime%5D=00%3A00&_format=json,dataset,dataset,confirmado
"Conde, Roberto",senado,47,FA,titular,https://parlamento.gub.uy/sobreelparlamento/integracionhistorica/josn?Cpo_Codigo=S&Quienes=I&Fecha%5Bdate%5D=2013-05-20&Fecha%5Btime%5D=00%3A00&_format=json,dataset,dataset,confirmado
"Couriel, Alberto",senado,47,FA,titular,https://parlamento.gub.uy/sobreelparlamento/integracionhistorica/josn?Cpo_Codigo=S&Quienes=I&Fecha%5Bdate%5D=2010-02-15&Fecha%5Btime%5D=00%3A00&_format=json,dataset,dataset,confirmado
"Coutinho Rodríguez, Germán",senado,47,PC,titular,https://parlamento.gub.uy/sobreelparlamento/integracionhistorica/josn?Cpo_Codigo=S&Quienes=I&Fecha%5Bdate%5D=2010-02-15&Fecha%5Btime%5D=00%3A00&_format=json,dataset,dataset,confirmado
"Da Rosa, Eber",senado,47,PN,titular,https://parlamento.gub.uy/sobreelparlamento/integracionhistorica/josn?Cpo_Codigo=S&Quienes=I&Fecha%5Bdate%5D=2010-02-15&Fecha%5Btime%5D=00%3A00&_format=json,dataset,dataset,confirmado
"Dalmás, Susana",senado,47,FA,titular,https://parlamento.gub.uy/sobreelparlamento/integracionhistorica/josn?Cpo_Codigo=S&Quienes=I&Fecha%5Bdate%5D=2010-02-15&Fecha%5Btime%5D=00%3A00&_format=json,dataset,dataset,confirmado
"De Haedo, Javier",senado,47,PN,integrante_temporal,https://parlamento.gub.uy/sobreelparlamento/integracionhistorica/josn?Cpo_Codigo=S&Quienes=I&Fecha%5Bdate%5D=2010-09-27&Fecha%5Btime%5D=00%3A00&_format=json,dataset,dataset,confirmado
"Domínguez, Juan José",senado,47,FA,integrante_temporal,https://parlamento.gub.uy/sobreelparlamento/integracionhistorica/josn?Cpo_Codigo=S&Quienes=I&Fecha%5Bdate%5D=2010-03-29&Fecha%5Btime%5D=00%3A00&_format=json,dataset,dataset,confirmado
"Echeverría, Alejandro",senado,47,FA,integrante_temporal,https://parlamento.gub.uy/sobreelparlamento/integracionhistorica/josn?Cpo_Codigo=S&Quienes=I&Fecha%5Bdate%5D=2014-05-19&Fecha%5Btime%5D=00%3A00&_format=json,dataset,dataset,confirmado
"Enciso, Carlos",senado,47,PN,integrante_temporal,https://parlamento.gub.uy/sobreelparlamento/integracionhistorica/josn?Cpo_Codigo=S&Quienes=I&Fecha%5Bdate%5D=2010-06-21&Fecha%5Btime%5D=00%3A00&_format=json,dataset,dataset,confirmado
"Fernández Farias, Eduardo",senado,47,FA,titular,https://parlamento.gub.uy/sobreelparlamento/integracionhistorica/josn?Cpo_Codigo=S&Quienes=I&Fecha%5Bdate%5D=2012-04-09&Fecha%5Btime%5D=00%3A00&_format=json,dataset,dataset,confirmado
"Fernández Huidobro, Eleuterio",senado,47,FA,titular,https://parlamento.gub.uy/sobreelparlamento/integracionhistorica/josn?Cpo_Codigo=S&Quienes=I&Fecha%5Bdate%5D=2010-02-15&Fecha%5Btime%5D=00%3A00&_format=json,dataset,dataset,confirmado
"Fonticiella, Ramón",senado,47,FA,integrante_temporal,https://parlamento.gub.uy/sobreelparlamento/integracionhistorica/josn?Cpo_Codigo=S&Quienes=I&Fecha%5Bdate%5D=2010-03-15&Fecha%5Btime%5D=00%3A00&_format=json,dataset,dataset,confirmado
"Gallicchio Queirolo, Antonio",senado,47,FA,integrante_temporal,https://parlamento.gub.uy/sobreelparlamento/integracionhistorica/josn?Cpo_Codigo=S&Quienes=I&Fecha%5Bdate%5D=2010-04-12&Fecha%5Btime%5D=00%3A00&_format=json,dataset,dataset,confirmado
"Gallinal, Francisco",senado,47,PN,titular,https://parlamento.gub.uy/sobreelparlamento/integracionhistorica/josn?Cpo_Codigo=S&Quienes=I&Fecha%5Bdate%5D=2010-02-15&Fecha%5Btime%5D=00%3A00&_format=json,dataset,dataset,confirmado
"Gallo Imperiale, Luis José",senado,47,FA,titular,https://parlamento.gub.uy/sobreelparlamento/integracionhistorica/josn?Cpo_Codigo=S&Quienes=I&Fecha%5Bdate%5D=2010-04-12&Fecha%5Btime%5D=00%3A00&_format=json,dataset,dataset,confirmado
"Gamou, Carlos",senado,47,FA,titular,https://parlamento.gub.uy/sobreelparlamento/integracionhistorica/josn?Cpo_Codigo=S&Quienes=I&Fecha%5Bdate%5D=2010-05-24&Fecha%5Btime%5D=00%3A00&_format=json,dataset,dataset,confirmado
"Gandini, Jorge",senado,47,PN,integrante_temporal,https://parlamento.gub.uy/sobreelparlamento/integracionhistorica/josn?Cpo_Codigo=S&Quienes=I&Fecha%5Bdate%5D=2012-10-22&Fecha%5Btime%5D=00%3A00&_format=json,dataset,dataset,confirmado
"García Costa, Guillermo",senado,47,PN,integrante_temporal,https://parlamento.gub.uy/sobreelparlamento/integracionhistorica/josn?Cpo_Codigo=S&Quienes=I&Fecha%5Bdate%5D=2010-06-07&Fecha%5Btime%5D=00%3A00&_format=json,dataset,dataset,confirmado
"García, Javier",senado,47,PN,integrante_temporal,https://parlamento.gub.uy/sobreelparlamento/integracionhistorica/josn?Cpo_Codigo=S&Quienes=I&Fecha%5Bdate%5D=2010-11-22&Fecha%5Btime%5D=00%3A00&_format=json,dataset,dataset,confirmado
"Guarino, Gustavo",senado,47,FA,integrante_temporal,https://parlamento.gub.uy/sobreelparlamento/integracionhistorica/josn?Cpo_Codigo=S&Quienes=I&Fecha%5Bdate%5D=2010-12-06&Fecha%5Btime%5D=00%3A00&_format=json,dataset,dataset,confirmado
"Heber, Luis Alberto",senado,47,PN,titular,https://parlamento.gub.uy/sobreelparlamento/integracionhistorica/josn?Cpo_Codigo=S&Quienes=I&Fecha%5Bdate%5D=2010-02-15&Fecha%5Btime%5D=00%3A00&_format=json,dataset,dataset,confirmado
"Iturralde Viñas, Pablo",senado,47,PN,integrante_temporal,https://parlamento.gub.uy/sobreelparlamento/integracionhistorica/josn?Cpo_Codigo=S&Quienes=I&Fecha%5Bdate%5D=2012-10-08&Fecha%5Btime%5D=00%3A00&_format=json,dataset,dataset,confirmado
"Lacalle Herrera, Luis Alberto",senado,47,PN,titular,https://parlamento.gub.uy/sobreelparlamento/integracionhistorica/josn?Cpo_Codigo=S&Quienes=I&Fecha%5Bdate%5D=2010-02-15&Fecha%5Btime%5D=00%3A00&_format=json,dataset,dataset,confirmado
"Lamorte Russomanno, Aldo",senado,47,PN,integrante_temporal,https://parlamento.gub.uy/sobreelparlamento/integracionhistorica/josn?Cpo_Codigo=S&Quienes=I&Fecha%5Bdate%5D=2013-11-18&Fecha%5Btime%5D=00%3A00&_format=json,dataset,dataset,confirmado
"Larrañaga, Jorge",senado,47,PN,titular,https://parlamento.gub.uy/sobreelparlamento/integracionhistorica/josn?Cpo_Codigo=S&Quienes=I&Fecha%5Bdate%5D=2010-02-15&Fecha%5Btime%5D=00%3A00&_format=json,dataset,dataset,confirmado
"Lescano, Héctor",senado,47,FA,integrante_temporal,https://parlamento.gub.uy/sobreelparlamento/integracionhistorica/josn?Cpo_Codigo=S&Quienes=I&Fecha%5Bdate%5D=2012-08-27&Fecha%5Btime%5D=00%3A00&_format=json,dataset,dataset,confirmado
"López Goldaracena, Oscar",senado,47,FA,titular,https://parlamento.gub.uy/sobreelparlamento/integracionhistorica/josn?Cpo_Codigo=S&Quienes=I&Fecha%5Bdate%5D=2010-07-19&Fecha%5Btime%5D=00%3A00&_format=json,dataset,dataset,confirmado
"Lorier, Eduardo",senado,47,FA,titular,https://parlamento.gub.uy/sobreelparlamento/integracionhistorica/josn?Cpo_Codigo=S&Quienes=I&Fecha%5Bdate%5D=2010-02-15&Fecha%5Btime%5D=00%3A00&_format=json,dataset,dataset,confirmado
"Malaquina Ugolini, Eduardo",senado,47,PC,integrante_temporal,https://parlamento.gub.uy/sobreelparlamento/integracionhistorica/josn?Cpo_Codigo=S&Quienes=I&Fecha%5Bdate%5D=2011-04-11&Fecha%5Btime%5D=00%3A00&_format=json,dataset,dataset,confirmado
"Martínez Huelmo, Rubén",senado,47,FA,integrante_temporal,https://parlamento.gub.uy/sobreelparlamento/integracionhistorica/josn?Cpo_Codigo=S&Quienes=I&Fecha%5Bdate%5D=2010-11-22&Fecha%5Btime%5D=00%3A00&_format=json,dataset,dataset,confirmado
"Martínez Villamil, Daniel Carlos",senado,47,FA,titular,https://parlamento.gub.uy/sobreelparlamento/integracionhistorica/josn?Cpo_Codigo=S&Quienes=I&Fecha%5Bdate%5D=2010-02-15&Fecha%5Btime%5D=00%3A00&_format=json,dataset,dataset,confirmado
"Mezzera, Eduardo",senado,47,PN,integrante_temporal,https://parlamento.gub.uy/sobreelparlamento/integracionhistorica/josn?Cpo_Codigo=S&Quienes=I&Fecha%5Bdate%5D=2013-07-01&Fecha%5Btime%5D=00%3A00&_format=json,dataset,dataset,confirmado
"Michelini, Rafael",senado,47,FA,titular,https://parlamento.gub.uy/sobreelparlamento/integracionhistorica/josn?Cpo_Codigo=S&Quienes=I&Fecha%5Bdate%5D=2010-02-15&Fecha%5Btime%5D=00%3A00&_format=json,dataset,dataset,confirmado
"Montiel, Daniel",senado,47,FA,integrante_temporal,https://parlamento.gub.uy/sobreelparlamento/integracionhistorica/josn?Cpo_Codigo=S&Quienes=I&Fecha%5Bdate%5D=2010-08-16&Fecha%5Btime%5D=00%3A00&_format=json,dataset,dataset,confirmado
"Moreira, Carlos",senado,47,PN,titular,https://parlamento.gub.uy/sobreelparlamento/integracionhistorica/josn?Cpo_Codigo=S&Quienes=I&Fecha%5Bdate%5D=2010-02-15&Fecha%5Btime%5D=00%3A00&_format=json,dataset,dataset,confirmado
"Moreira, Constanza",senado,47,FA,titular,https://parlamento.gub.uy/sobreelparlamento/integracionhistorica/josn?Cpo_Codigo=S&Quienes=I&Fecha%5Bdate%5D=2010-02-15&Fecha%5Btime%5D=00%3A00&_format=json,dataset,dataset,confirmado
"Morelli Colombres, León",senado,47,PN,integrante_temporal,https://parlamento.gub.uy/sobreelparlamento/integracionhistorica/josn?Cpo_Codigo=S&Quienes=I&Fecha%5Bdate%5D=2011-07-18&Fecha%5Btime%5D=00%3A00&_format=json,dataset,dataset,confirmado
"Morodo Díaz, Walter Domingo",senado,47,FA,integrante_temporal,https://parlamento.gub.uy/sobreelparlamento/integracionhistorica/josn?Cpo_Codigo=S&Quienes=I&Fecha%5Bdate%5D=2011-06-06&Fecha%5Btime%5D=00%3A00&_format=json,dataset,dataset,confirmado
"Muguruza, Eduardo",senado,47,FA,integrante_temporal,https://parlamento.gub.uy/sobreelparlamento/integracionhistorica/josn?Cpo_Codigo=S&Quienes=I&Fecha%5Bdate%5D=2010-06-21&Fecha%5Btime%5D=00%3A00&_format=json,dataset,dataset,confirmado
"Nin Novoa, Rodolfo",senado,47,FA,titular,https://parlamento.gub.uy/sobreelparlamento/integracionhistorica/josn?Cpo_Codigo=S&Quienes=I&Fecha%5Bdate%5D=2010-02-15&Fecha%5Btime%5D=00%3A00&_format=json,dataset,dataset,confirmado
"Obispo, Ruben",senado,47,FA,integrante_temporal,https://parlamento.gub.uy/sobreelparlamento/integracionhistorica/josn?Cpo_Codigo=S&Quienes=I&Fecha%5Bdate%5D=2011-10-24&Fecha%5Btime%5D=00%3A00&_format=json,dataset,dataset,confirmado
"Pasquet Iribarne, Ope",senado,47,PC,titular,https://parlamento.gub.uy/sobreelparlamento/integracionhistorica/josn?Cpo_Codigo=S&Quienes=I&Fecha%5Bdate%5D=2010-02-15&Fecha%5Btime%5D=00%3A00&_format=json,dataset,dataset,confirmado
"Penadés, Gustavo",senado,47,PN,titular,https://parlamento.gub.uy/sobreelparlamento/integracionhistorica/josn?Cpo_Codigo=S&Quienes=I&Fecha%5Bdate%5D=2010-02-15&Fecha%5Btime%5D=00%3A00&_format=json,dataset,dataset,confirmado
"Peña Fernández, Daniel",senado,47,PN,integrante_temporal,https://parlamento.gub.uy/sobreelparlamento/integracionhistorica/josn?Cpo_Codigo=S&Quienes=I&Fecha%5Bdate%5D=2011-08-29&Fecha%5Btime%5D=00%3A00&_format=json,dataset,dataset,confirmado
"Pereyra, Aníbal",senado,47,FA,integrante_temporal,https://parlamento.gub.uy/sobreelparlamento/integracionhistorica/josn?Cpo_Codigo=S&Quienes=I&Fecha%5Bdate%5D=2010-10-25&Fecha%5Btime%5D=00%3A00&_format=json,dataset,dataset,confirmado
"Pintado, Enrique",senado,47,FA,titular,https://parlamento.gub.uy/sobreelparlamento/integracionhistorica/josn?Cpo_Codigo=S&Quienes=I&Fecha%5Bdate%5D=2010-03-01&Fecha%5Btime%5D=00%3A00&_format=json,dataset,dataset,confirmado
"Pintos, Alicia",senado,47,FA,integrante_temporal,https://parlamento.gub.uy/sobreelparlamento/integracionhistorica/josn?Cpo_Codigo=S&Quienes=I&Fecha%5Bdate%5D=2010-03-15&Fecha%5Btime%5D=00%3A00&_format=json,dataset,dataset,confirmado
"Piñeyrúa Olmos, Ana Lía",senado,47,PN,integrante_temporal,https://parlamento.gub.uy/sobreelparlamento/integracionhistorica/josn?Cpo_Codigo=S&Quienes=I&Fecha%5Bdate%5D=2011-07-18&Fecha%5Btime%5D=00%3A00&_format=json,dataset,dataset,confirmado
"Rodríguez, Hyara",senado,47,FA,integrante_temporal,https://parlamento.gub.uy/sobreelparlamento/integracionhistorica/josn?Cpo_Codigo=S&Quienes=I&Fecha%5Bdate%5D=2012-03-26&Fecha%5Btime%5D=00%3A00&_format=json,dataset,dataset,confirmado
"Rondeau, Aníbal",senado,47,FA,integrante_temporal,https://parlamento.gub.uy/sobreelparlamento/integracionhistorica/josn?Cpo_Codigo=S&Quienes=I&Fecha%5Bdate%5D=2011-08-29&Fecha%5Btime%5D=00%3A00&_format=json,dataset,dataset,confirmado
"Rosadilla, Luis",senado,47,FA,titular,https://parlamento.gub.uy/sobreelparlamento/integracionhistorica/josn?Cpo_Codigo=S&Quienes=I&Fecha%5Bdate%5D=2011-12-05&Fecha%5Btime%5D=00%3A00&_format=json,dataset,dataset,confirmado
"Rubio, Enrique",senado,47,FA,titular,https://parlamento.gub.uy/sobreelparlamento/integracionhistorica/josn?Cpo_Codigo=S&Quienes=I&Fecha%5Bdate%5D=2010-02-15&Fecha%5Btime%5D=00%3A00&_format=json,dataset,dataset,confirmado
"Sanabria, Wilson",senado,47,PC,integrante_temporal,https://parlamento.gub.uy/sobreelparlamento/integracionhistorica/josn?Cpo_Codigo=S&Quienes=I&Fecha%5Bdate%5D=2010-03-15&Fecha%5Btime%5D=00%3A00&_format=json,dataset,dataset,confirmado
"Saravia, Jorge",senado,47,FA,titular,https://parlamento.gub.uy/sobreelparlamento/integracionhistorica/josn?Cpo_Codigo=S&Quienes=I&Fecha%5Bdate%5D=2010-02-15&Fecha%5Btime%5D=00%3A00&_format=json,dataset,dataset,confirmado
"Scrigna, Fernando",senado,47,PC,integrante_temporal,https://parlamento.gub.uy/sobreelparlamento/integracionhistorica/josn?Cpo_Codigo=S&Quienes=I&Fecha%5Bdate%5D=2013-08-12&Fecha%5Btime%5D=00%3A00&_format=json,dataset,dataset,confirmado
"Silveira, Julio C.",senado,47,PN,integrante_temporal,https://parlamento.gub.uy/sobreelparlamento/integracionhistorica/josn?Cpo_Codigo=S&Quienes=I&Fecha%5Bdate%5D=2010-05-24&Fecha%5Btime%5D=00%3A00&_format=json,dataset,dataset,confirmado
"Solari Damonte, Alfredo",senado,47,PC,titular,https://parlamento.gub.uy/sobreelparlamento/integracionhistorica/josn?Cpo_Codigo=S&Quienes=I&Fecha%5Bdate%5D=2010-07-19&Fecha%5Btime%5D=00%3A00&_format=json,dataset,dataset,confirmado
"Souza, Juan C.",senado,47,FA,integrante_temporal,https://parlamento.gub.uy/camarasycomisiones/legisladores/3461,manual,biografia,alto
"Tajam, Héctor",senado,47,FA,integrante_temporal,https://parlamento.gub.uy/sobreelparlamento/integracionhistorica/josn?Cpo_Codigo=S&Quienes=I&Fecha%5Bdate%5D=2010-03-15&Fecha%5Btime%5D=00%3A00&_format=json,dataset,dataset,confirmado
"Topolansky, Lucía",senado,47,FA,titular,https://parlamento.gub.uy/sobreelparlamento/integracionhistorica/josn?Cpo_Codigo=S&Quienes=I&Fecha%5Bdate%5D=2010-02-15&Fecha%5Btime%5D=00%3A00&_format=json,dataset,dataset,confirmado
"Umansky, Isaac",senado,47,PC,integrante_temporal,https://parlamento.gub.uy/sobreelparlamento/integracionhistorica/josn?Cpo_Codigo=S&Quienes=I&Fecha%5Bdate%5D=2011-06-20&Fecha%5Btime%5D=00%3A00&_format=json,dataset,dataset,confirmado
"Viera Duarte, Tabaré",senado,47,PC,titular,https://parlamento.gub.uy/sobreelparlamento/integracionhistorica/josn?Cpo_Codigo=S&Quienes=I&Fecha%5Bdate%5D=2010-02-15&Fecha%5Btime%5D=00%3A00&_format=json,dataset,dataset,confirmado
"Xavier, Mónica",senado,47,FA,titular,https://parlamento.gub.uy/sobreelparlamento/integracionhistorica/josn?Cpo_Codigo=S&Quienes=I&Fecha%5Bdate%5D=2010-02-15&Fecha%5Btime%5D=00%3A00&_format=json,dataset,dataset,confirmado
"Agazzi, Ernesto",senado,48,FA,titular,https://parlamento.gub.uy/sobreelparlamento/integracionhistorica/josn?Cpo_Codigo=S&Quienes=I&Fecha%5Bdate%5D=2015-02-15&Fecha%5Btime%5D=00%3A00&_format=json,dataset,dataset,confirmado
"Alcorta, Ricardo",senado,48,FA,titular,https://parlamento.gub.uy/sobreelparlamento/integracionhistorica/josn?Cpo_Codigo=S&Quienes=I&Fecha%5Bdate%5D=2015-05-10&Fecha%5Btime%5D=00%3A00&_format=json,dataset,dataset,confirmado
"Almagro Lemes, Luis Leonardo",senado,48,FA,titular,https://parlamento.gub.uy/sobreelparlamento/integracionhistorica/josn?Cpo_Codigo=S&Quienes=I&Fecha%5Bdate%5D=2015-03-01&Fecha%5Btime%5D=00%3A00&_format=json,dataset,dataset,confirmado
"Alonso, Verónica",senado,48,PN,titular,https://parlamento.gub.uy/sobreelparlamento/integracionhistorica/josn?Cpo_Codigo=S&Quienes=I&Fecha%5Bdate%5D=2015-02-15&Fecha%5Btime%5D=00%3A00&_format=json,dataset,dataset,confirmado
"Amorín, José",senado,48,PC,titular,https://parlamento.gub.uy/sobreelparlamento/integracionhistorica/josn?Cpo_Codigo=S&Quienes=I&Fecha%5Bdate%5D=2015-02-15&Fecha%5Btime%5D=00%3A00&_format=json,dataset,dataset,confirmado
"Amy, José A.",senado,48,PC,integrante_temporal,https://parlamento.gub.uy/camarasycomisiones/legisladores/9899,manual,biografia,alto
"Aristimuño, Saúl",senado,48,FA,integrante_temporal,https://parlamento.gub.uy/sobreelparlamento/integracionhistorica/josn?Cpo_Codigo=S&Quienes=I&Fecha%5Bdate%5D=2015-06-07&Fecha%5Btime%5D=00%3A00&_format=json,dataset,dataset,confirmado
"Arregui, Roque",senado,48,FA,integrante_temporal,https://parlamento.gub.uy/camarasycomisiones/legisladores/2936,manual,biografia,alto
"Asiaín, Carmen",senado,48,PN,integrante_temporal,https://parlamento.gub.uy/sobreelparlamento/integracionhistorica/josn?Cpo_Codigo=S&Quienes=I&Fecha%5Bdate%5D=2016-04-24&Fecha%5Btime%5D=00%3A00&_format=json,dataset,dataset,confirmado
"Astori, Danilo",senado,48,FA,integrante_temporal,https://parlamento.gub.uy/camarasycomisiones/legisladores/479,manual,biografia,alto
"Aviaga Martínez, María Carol",senado,48,PN,titular,https://parlamento.gub.uy/sobreelparlamento/integracionhistorica/josn?Cpo_Codigo=S&Quienes=I&Fecha%5Bdate%5D=2015-02-15&Fecha%5Btime%5D=00%3A00&_format=json,dataset,dataset,confirmado
"Ayala, Patricia",senado,48,FA,titular,https://parlamento.gub.uy/sobreelparlamento/integracionhistorica/josn?Cpo_Codigo=S&Quienes=I&Fecha%5Bdate%5D=2015-02-15&Fecha%5Btime%5D=00%3A00&_format=json,dataset,dataset,confirmado
"Baráibar, Carlos",senado,48,FA,titular,https://parlamento.gub.uy/sobreelparlamento/integracionhistorica/josn?Cpo_Codigo=S&Quienes=I&Fecha%5Bdate%5D=2015-03-01&Fecha%5Btime%5D=00%3A00&_format=json,dataset,dataset,confirmado
"Berterreche, Andrés",senado,48,FA,titular,https://parlamento.gub.uy/sobreelparlamento/integracionhistorica/josn?Cpo_Codigo=S&Quienes=I&Fecha%5Bdate%5D=2015-03-01&Fecha%5Btime%5D=00%3A00&_format=json,dataset,dataset,confirmado
"Besozzi Arocena, Guillermo",senado,48,PN,titular,https://parlamento.gub.uy/sobreelparlamento/integracionhistorica/josn?Cpo_Codigo=S&Quienes=I&Fecha%5Bdate%5D=2015-07-19&Fecha%5Btime%5D=00%3A00&_format=json,dataset,dataset,confirmado
"Bianchi, Daniel",senado,48,PC,titular,https://parlamento.gub.uy/sobreelparlamento/integracionhistorica/josn?Cpo_Codigo=S&Quienes=I&Fecha%5Bdate%5D=2016-03-27&Fecha%5Btime%5D=00%3A00&_format=json,dataset,dataset,confirmado
"Bonomi, Eduardo",senado,48,FA,titular,https://parlamento.gub.uy/sobreelparlamento/integracionhistorica/josn?Cpo_Codigo=S&Quienes=I&Fecha%5Bdate%5D=2015-02-15&Fecha%5Btime%5D=00%3A00&_format=json,dataset,dataset,confirmado
"Bordaberry Herrán, Juan Pedro",senado,48,PC,titular,https://parlamento.gub.uy/sobreelparlamento/integracionhistorica/josn?Cpo_Codigo=S&Quienes=I&Fecha%5Bdate%5D=2015-02-15&Fecha%5Btime%5D=00%3A00&_format=json,dataset,dataset,confirmado
"Botana, Sergio",senado,48,PN,titular,https://parlamento.gub.uy/sobreelparlamento/integracionhistorica/josn?Cpo_Codigo=S&Quienes=I&Fecha%5Bdate%5D=2015-02-15&Fecha%5Btime%5D=00%3A00&_format=json,dataset,dataset,confirmado
"Camy Antognazza, Carlos",senado,48,PN,titular,https://parlamento.gub.uy/sobreelparlamento/integracionhistorica/josn?Cpo_Codigo=S&Quienes=I&Fecha%5Bdate%5D=2015-07-19&Fecha%5Btime%5D=00%3A00&_format=json,dataset,dataset,confirmado
"Carámbula Volpi, Marcos Gustavo",senado,48,FA,titular,https://parlamento.gub.uy/sobreelparlamento/integracionhistorica/josn?Cpo_Codigo=S&Quienes=I&Fecha%5Bdate%5D=2015-02-15&Fecha%5Btime%5D=00%3A00&_format=json,dataset,dataset,confirmado
"Carballo Da Costa, Felipe",senado,48,FA,integrante_temporal,https://parlamento.gub.uy/sobreelparlamento/integracionhistorica/josn?Cpo_Codigo=S&Quienes=I&Fecha%5Bdate%5D=2016-06-05&Fecha%5Btime%5D=00%3A00&_format=json,dataset,dataset,confirmado
"Cardoso, José Carlos",senado,48,PN,titular,https://parlamento.gub.uy/sobreelparlamento/integracionhistorica/josn?Cpo_Codigo=S&Quienes=I&Fecha%5Bdate%5D=2015-07-19&Fecha%5Btime%5D=00%3A00&_format=json,dataset,dataset,confirmado
"Carrera Leal, Charles",senado,48,FA,titular,https://parlamento.gub.uy/sobreelparlamento/integracionhistorica/josn?Cpo_Codigo=S&Quienes=I&Fecha%5Bdate%5D=2017-09-24&Fecha%5Btime%5D=00%3A00&_format=json,dataset,dataset,confirmado
"Castillo, Juan",senado,48,FA,titular,https://parlamento.gub.uy/sobreelparlamento/integracionhistorica/josn?Cpo_Codigo=S&Quienes=I&Fecha%5Bdate%5D=2018-02-25&Fecha%5Btime%5D=00%3A00&_format=json,dataset,dataset,confirmado
"Cersósimo, Gustavo",senado,48,PC,integrante_temporal,https://parlamento.gub.uy/camarasycomisiones/legisladores/509,manual,biografia,alto
"Coutinho Rodríguez, Germán",senado,48,PC,titular,https://parlamento.gub.uy/sobreelparlamento/integracionhistorica/josn?Cpo_Codigo=S&Quienes=I&Fecha%5Bdate%5D=2015-02-15&Fecha%5Btime%5D=00%3A00&_format=json,dataset,dataset,confirmado
"Da Silva, Sebastián",senado,48,PN,integrante_temporal,https://parlamento.gub.uy/camarasycomisiones/legisladores/5304,manual,biografia,alto
"De León, Leonardo",senado,48,FA,titular,https://parlamento.gub.uy/sobreelparlamento/integracionhistorica/josn?Cpo_Codigo=S&Quienes=I&Fecha%5Bdate%5D=2015-02-15&Fecha%5Btime%5D=00%3A00&_format=json,dataset,dataset,confirmado
"Delgado, Alvaro",senado,48,PN,titular,https://parlamento.gub.uy/sobreelparlamento/integracionhistorica/josn?Cpo_Codigo=S&Quienes=I&Fecha%5Bdate%5D=2015-03-01&Fecha%5Btime%5D=00%3A00&_format=json,dataset,dataset,confirmado
"Draper Praderio, Alejandro",senado,48,PN,integrante_temporal,https://parlamento.gub.uy/camarasycomisiones/legisladores/10161,manual,biografia,alto
"Eguiluz, Cecilia",senado,48,PC,integrante_temporal,https://parlamento.gub.uy/sobreelparlamento/integracionhistorica/josn?Cpo_Codigo=S&Quienes=I&Fecha%5Bdate%5D=2019-06-16&Fecha%5Btime%5D=00%3A00&_format=json,dataset,dataset,confirmado
"Enciso, Carlos",senado,48,PN,titular,https://parlamento.gub.uy/sobreelparlamento/integracionhistorica/josn?Cpo_Codigo=S&Quienes=I&Fecha%5Bdate%5D=2015-02-15&Fecha%5Btime%5D=00%3A00&_format=json,dataset,dataset,confirmado
"Facello, Guillermo",senado,48,PC,integrante_temporal,https://parlamento.gub.uy/camarasycomisiones/legisladores/9927,manual,biografia,alto
"Ferreira Rodríguez, Zulimar",senado,48,FA,integrante_temporal,https://parlamento.gub.uy/sobreelparlamento/integracionhistorica/josn?Cpo_Codigo=S&Quienes=I&Fecha%5Bdate%5D=2015-09-27&Fecha%5Btime%5D=00%3A00&_format=json,dataset,dataset,confirmado
"Galán, Lilián",senado,48,FA,integrante_temporal,https://parlamento.gub.uy/camarasycomisiones/legisladores/11525,manual,biografia,alto
"Gallicchio Queirolo, Antonio",senado,48,FA,integrante_temporal,https://parlamento.gub.uy/sobreelparlamento/integracionhistorica/josn?Cpo_Codigo=S&Quienes=I&Fecha%5Bdate%5D=2015-07-05&Fecha%5Btime%5D=00%3A00&_format=json,dataset,dataset,confirmado
"Gandini, Jorge",senado,48,PN,integrante_temporal,https://parlamento.gub.uy/sobreelparlamento/integracionhistorica/josn?Cpo_Codigo=S&Quienes=I&Fecha%5Bdate%5D=2016-05-08&Fecha%5Btime%5D=00%3A00&_format=json,dataset,dataset,confirmado
"García, Graciela",senado,48,FA,integrante_temporal,https://parlamento.gub.uy/sobreelparlamento/integracionhistorica/josn?Cpo_Codigo=S&Quienes=I&Fecha%5Bdate%5D=2016-10-23&Fecha%5Btime%5D=00%3A00&_format=json,dataset,dataset,confirmado
"García, Javier",senado,48,PN,titular,https://parlamento.gub.uy/sobreelparlamento/integracionhistorica/josn?Cpo_Codigo=S&Quienes=I&Fecha%5Bdate%5D=2015-02-15&Fecha%5Btime%5D=00%3A00&_format=json,dataset,dataset,confirmado
"Garin De Nardo, Daniel",senado,48,FA,titular,https://parlamento.gub.uy/sobreelparlamento/integracionhistorica/josn?Cpo_Codigo=S&Quienes=I&Fecha%5Bdate%5D=2016-11-06&Fecha%5Btime%5D=00%3A00&_format=json,dataset,dataset,confirmado
"Heber, Luis Alberto",senado,48,PN,titular,https://parlamento.gub.uy/sobreelparlamento/integracionhistorica/josn?Cpo_Codigo=S&Quienes=I&Fecha%5Bdate%5D=2015-02-15&Fecha%5Btime%5D=00%3A00&_format=json,dataset,dataset,confirmado
"Iturralde Viñas, Pablo",senado,48,PN,integrante_temporal,https://parlamento.gub.uy/sobreelparlamento/integracionhistorica/josn?Cpo_Codigo=S&Quienes=I&Fecha%5Bdate%5D=2015-04-26&Fecha%5Btime%5D=00%3A00&_format=json,dataset,dataset,confirmado
"Lacalle Pou, Luis Alberto",senado,48,PN,titular,https://parlamento.gub.uy/sobreelparlamento/integracionhistorica/josn?Cpo_Codigo=S&Quienes=I&Fecha%5Bdate%5D=2015-02-15&Fecha%5Btime%5D=00%3A00&_format=json,dataset,dataset,confirmado
"Lafluf, Omar",senado,48,PN,integrante_temporal,https://parlamento.gub.uy/sobreelparlamento/integracionhistorica/josn?Cpo_Codigo=S&Quienes=I&Fecha%5Bdate%5D=2019-07-14&Fecha%5Btime%5D=00%3A00&_format=json,dataset,dataset,confirmado
"Larrañaga, Jorge",senado,48,PN,titular,https://parlamento.gub.uy/sobreelparlamento/integracionhistorica/josn?Cpo_Codigo=S&Quienes=I&Fecha%5Bdate%5D=2015-02-15&Fecha%5Btime%5D=00%3A00&_format=json,dataset,dataset,confirmado
"Lazo, Sandra",senado,48,FA,integrante_temporal,https://parlamento.gub.uy/sobreelparlamento/integracionhistorica/josn?Cpo_Codigo=S&Quienes=I&Fecha%5Bdate%5D=2016-02-14&Fecha%5Btime%5D=00%3A00&_format=json,dataset,dataset,confirmado
"López Villalba, Daniel",senado,48,PN,integrante_temporal,https://parlamento.gub.uy/sobreelparlamento/integracionhistorica/josn?Cpo_Codigo=S&Quienes=I&Fecha%5Bdate%5D=2018-11-18&Fecha%5Btime%5D=00%3A00&_format=json,dataset,dataset,confirmado
"Lorier, Eduardo",senado,48,FA,integrante_temporal,https://parlamento.gub.uy/sobreelparlamento/integracionhistorica/josn?Cpo_Codigo=S&Quienes=I&Fecha%5Bdate%5D=2017-08-13&Fecha%5Btime%5D=00%3A00&_format=json,dataset,dataset,confirmado
"Lustemberg, Cristina",senado,48,FA,integrante_temporal,https://parlamento.gub.uy/camarasycomisiones/legisladores/11526,manual,biografia,alto
"Martínez Huelmo, Rubén",senado,48,FA,titular,https://parlamento.gub.uy/sobreelparlamento/integracionhistorica/josn?Cpo_Codigo=S&Quienes=I&Fecha%5Bdate%5D=2015-04-12&Fecha%5Btime%5D=00%3A00&_format=json,dataset,dataset,confirmado
"Martínez Villamil, Daniel Carlos",senado,48,FA,titular,https://parlamento.gub.uy/sobreelparlamento/integracionhistorica/josn?Cpo_Codigo=S&Quienes=I&Fecha%5Bdate%5D=2015-02-15&Fecha%5Btime%5D=00%3A00&_format=json,dataset,dataset,confirmado
"Matiaude, Graciela",senado,48,PC,integrante_temporal,https://parlamento.gub.uy/sobreelparlamento/integracionhistorica/josn?Cpo_Codigo=S&Quienes=I&Fecha%5Bdate%5D=2016-06-05&Fecha%5Btime%5D=00%3A00&_format=json,dataset,dataset,confirmado
"Meléndez, Lauro",senado,48,FA,integrante_temporal,https://parlamento.gub.uy/sobreelparlamento/integracionhistorica/josn?Cpo_Codigo=S&Quienes=I&Fecha%5Bdate%5D=2015-04-12&Fecha%5Btime%5D=00%3A00&_format=json,dataset,dataset,confirmado
"Michelini, Rafael",senado,48,FA,titular,https://parlamento.gub.uy/sobreelparlamento/integracionhistorica/josn?Cpo_Codigo=S&Quienes=I&Fecha%5Bdate%5D=2015-02-15&Fecha%5Btime%5D=00%3A00&_format=json,dataset,dataset,confirmado
"Mieres, Pablo",senado,48,PI,titular,https://parlamento.gub.uy/sobreelparlamento/integracionhistorica/josn?Cpo_Codigo=S&Quienes=I&Fecha%5Bdate%5D=2015-02-15&Fecha%5Btime%5D=00%3A00&_format=json,dataset,dataset,confirmado
"Montaner, Martha",senado,48,PC,titular,https://parlamento.gub.uy/sobreelparlamento/integracionhistorica/josn?Cpo_Codigo=S&Quienes=I&Fecha%5Bdate%5D=2015-02-15&Fecha%5Btime%5D=00%3A00&_format=json,dataset,dataset,confirmado
"Moreira, Carlos",senado,48,PN,titular,https://parlamento.gub.uy/sobreelparlamento/integracionhistorica/josn?Cpo_Codigo=S&Quienes=I&Fecha%5Bdate%5D=2015-02-15&Fecha%5Btime%5D=00%3A00&_format=json,dataset,dataset,confirmado
"Moreira, Constanza",senado,48,FA,titular,https://parlamento.gub.uy/sobreelparlamento/integracionhistorica/josn?Cpo_Codigo=S&Quienes=I&Fecha%5Bdate%5D=2015-02-15&Fecha%5Btime%5D=00%3A00&_format=json,dataset,dataset,confirmado
"Mujica, José",senado,48,FA,titular,https://parlamento.gub.uy/sobreelparlamento/integracionhistorica/josn?Cpo_Codigo=S&Quienes=I&Fecha%5Bdate%5D=2015-03-15&Fecha%5Btime%5D=00%3A00&_format=json,dataset,dataset,confirmado
"Otheguy Vega, Marcos Javier",senado,48,FA,titular,https://parlamento.gub.uy/sobreelparlamento/integracionhistorica/josn?Cpo_Codigo=S&Quienes=I&Fecha%5Bdate%5D=2015-02-15&Fecha%5Btime%5D=00%3A00&_format=json,dataset,dataset,confirmado
"Pardiñas, Yeru",senado,48,FA,integrante_temporal,https://parlamento.gub.uy/sobreelparlamento/integracionhistorica/josn?Cpo_Codigo=S&Quienes=I&Fecha%5Bdate%5D=2015-11-22&Fecha%5Btime%5D=00%3A00&_format=json,dataset,dataset,confirmado
"Passada, Ivonne",senado,48,FA,integrante_temporal,https://parlamento.gub.uy/sobreelparlamento/integracionhistorica/josn?Cpo_Codigo=S&Quienes=I&Fecha%5Bdate%5D=2015-03-15&Fecha%5Btime%5D=00%3A00&_format=json,dataset,dataset,confirmado
"Payssé, Daniela",senado,48,FA,titular,https://parlamento.gub.uy/sobreelparlamento/integracionhistorica/josn?Cpo_Codigo=S&Quienes=I&Fecha%5Bdate%5D=2015-02-15&Fecha%5Btime%5D=00%3A00&_format=json,dataset,dataset,confirmado
"Peña Fernández, Daniel",senado,48,PN,integrante_temporal,https://parlamento.gub.uy/sobreelparlamento/integracionhistorica/josn?Cpo_Codigo=S&Quienes=I&Fecha%5Bdate%5D=2017-10-22&Fecha%5Btime%5D=00%3A00&_format=json,dataset,dataset,confirmado
"Peña Hernández, Adriana",senado,48,PN,integrante_temporal,https://parlamento.gub.uy/camarasycomisiones/legisladores/7765,manual,biografia,alto
"Pesce Olivera, Viviana",senado,48,PC,integrante_temporal,https://parlamento.gub.uy/sobreelparlamento/integracionhistorica/josn?Cpo_Codigo=S&Quienes=I&Fecha%5Bdate%5D=2016-10-23&Fecha%5Btime%5D=00%3A00&_format=json,dataset,dataset,confirmado
"Pintado, Enrique",senado,48,FA,integrante_temporal,https://parlamento.gub.uy/sobreelparlamento/integracionhistorica/josn?Cpo_Codigo=S&Quienes=I&Fecha%5Bdate%5D=2015-03-15&Fecha%5Btime%5D=00%3A00&_format=json,dataset,dataset,confirmado
"Pintos Ruiz, Julio Miguel",senado,48,FA,integrante_temporal,https://parlamento.gub.uy/sobreelparlamento/integracionhistorica/josn?Cpo_Codigo=S&Quienes=I&Fecha%5Bdate%5D=2016-07-17&Fecha%5Btime%5D=00%3A00&_format=json,dataset,dataset,confirmado
"Posada, Iván",senado,48,PI,integrante_temporal,https://parlamento.gub.uy/camarasycomisiones/legisladores/2912,manual,biografia,alto
"Preve Cocco, Federico Mariano",senado,48,FA,integrante_temporal,https://parlamento.gub.uy/camarasycomisiones/legisladores/11532,manual,biografia,alto
"Ribero, María Sara",senado,48,FA,integrante_temporal,https://parlamento.gub.uy/sobreelparlamento/integracionhistorica/josn?Cpo_Codigo=S&Quienes=I&Fecha%5Bdate%5D=2019-04-07&Fecha%5Btime%5D=00%3A00&_format=json,dataset,dataset,confirmado
"Saravia, Jorge",senado,48,PN,titular,https://parlamento.gub.uy/sobreelparlamento/integracionhistorica/josn?Cpo_Codigo=S&Quienes=I&Fecha%5Bdate%5D=2015-08-16&Fecha%5Btime%5D=00%3A00&_format=json,dataset,dataset,confirmado
"Sendic, Raúl",senado,48,FA,titular,https://parlamento.gub.uy/sobreelparlamento/integracionhistorica/josn?Cpo_Codigo=S&Quienes=I&Fecha%5Bdate%5D=2015-03-01&Fecha%5Btime%5D=00%3A00&_format=json,dataset,dataset,confirmado
"Silveira, Julio C.",senado,48,PN,integrante_temporal,https://parlamento.gub.uy/sobreelparlamento/integracionhistorica/josn?Cpo_Codigo=S&Quienes=I&Fecha%5Bdate%5D=2015-06-21&Fecha%5Btime%5D=00%3A00&_format=json,dataset,dataset,confirmado
"Topolansky, Lucía",senado,48,FA,titular,https://parlamento.gub.uy/sobreelparlamento/integracionhistorica/josn?Cpo_Codigo=S&Quienes=I&Fecha%5Bdate%5D=2015-02-15&Fecha%5Btime%5D=00%3A00&_format=json,dataset,dataset,confirmado
"Tourné, Daisy",senado,48,FA,titular,https://parlamento.gub.uy/sobreelparlamento/integracionhistorica/josn?Cpo_Codigo=S&Quienes=I&Fecha%5Bdate%5D=2015-07-19&Fecha%5Btime%5D=00%3A00&_format=json,dataset,dataset,confirmado
"Vassallo, Miguel",senado,48,FA,titular,https://parlamento.gub.uy/sobreelparlamento/integracionhistorica/josn?Cpo_Codigo=S&Quienes=I&Fecha%5Bdate%5D=2019-03-10&Fecha%5Btime%5D=00%3A00&_format=json,dataset,dataset,confirmado
"Viera Duarte, Tabaré",senado,48,PC,integrante_temporal,https://parlamento.gub.uy/camarasycomisiones/legisladores/196,manual,biografia,alto
"Xavier, Mónica",senado,48,FA,titular,https://parlamento.gub.uy/sobreelparlamento/integracionhistorica/josn?Cpo_Codigo=S&Quienes=I&Fecha%5Bdate%5D=2015-02-15&Fecha%5Btime%5D=00%3A00&_format=json,dataset,dataset,confirmado
"Abreu, Sergio",senado,49,PN,integrante_temporal,https://parlamento.gub.uy/sobreelparlamento/integracionhistorica/josn?Cpo_Codigo=S&Quienes=I&Fecha%5Bdate%5D=2020-03-14&Fecha%5Btime%5D=00%3A00&_format=json,dataset,dataset,confirmado
"Álvarez López, María Dolores",senado,49,PN,integrante_temporal,https://parlamento.gub.uy/sobreelparlamento/integracionhistorica/josn?Cpo_Codigo=S&Quienes=I&Fecha%5Bdate%5D=2022-07-30&Fecha%5Btime%5D=00%3A00&_format=json,dataset,dataset,confirmado
"Andrade, Oscar",senado,49,FA,titular,https://parlamento.gub.uy/sobreelparlamento/integracionhistorica/josn?Cpo_Codigo=S&Quienes=I&Fecha%5Bdate%5D=2020-02-15&Fecha%5Btime%5D=00%3A00&_format=json,dataset,dataset,confirmado
"Andújar, Sebastián",senado,49,PN,integrante_temporal,https://parlamento.gub.uy/camarasycomisiones/legisladores/11593,manual,biografia,alto
"Argimón, Beatriz",senado,49,PN,titular,https://parlamento.gub.uy/sobreelparlamento/integracionhistorica/josn?Cpo_Codigo=S&Quienes=I&Fecha%5Bdate%5D=2020-03-14&Fecha%5Btime%5D=00%3A00&_format=json,dataset,dataset,confirmado
"Asiaín, Carmen",senado,49,PN,titular,https://parlamento.gub.uy/sobreelparlamento/integracionhistorica/josn?Cpo_Codigo=S&Quienes=I&Fecha%5Bdate%5D=2020-02-29&Fecha%5Btime%5D=00%3A00&_format=json,dataset,dataset,confirmado
"Astori, Danilo",senado,49,FA,titular,https://parlamento.gub.uy/sobreelparlamento/integracionhistorica/josn?Cpo_Codigo=S&Quienes=I&Fecha%5Bdate%5D=2020-03-14&Fecha%5Btime%5D=00%3A00&_format=json,dataset,dataset,confirmado
"Barrera Malrechauffe, Graciela Haydée",senado,49,FA,integrante_temporal,https://parlamento.gub.uy/sobreelparlamento/integracionhistorica/josn?Cpo_Codigo=S&Quienes=I&Fecha%5Bdate%5D=2022-07-02&Fecha%5Btime%5D=00%3A00&_format=json,dataset,dataset,confirmado
"Batlle Lamuraglia, Raúl Lorenzo",senado,49,PC,integrante_temporal,https://parlamento.gub.uy/sobreelparlamento/integracionhistorica/josn?Cpo_Codigo=S&Quienes=I&Fecha%5Bdate%5D=2021-09-11&Fecha%5Btime%5D=00%3A00&_format=json,dataset,dataset,confirmado
"Bayardi, José",senado,49,FA,integrante_temporal,https://parlamento.gub.uy/camarasycomisiones/legisladores/466,manual,biografia,alto
"Bergara Duque, Mario",senado,49,FA,titular,https://parlamento.gub.uy/sobreelparlamento/integracionhistorica/josn?Cpo_Codigo=S&Quienes=I&Fecha%5Bdate%5D=2020-02-15&Fecha%5Btime%5D=00%3A00&_format=json,dataset,dataset,confirmado
"Bianchi, Graciela",senado,49,PN,titular,https://parlamento.gub.uy/sobreelparlamento/integracionhistorica/josn?Cpo_Codigo=S&Quienes=I&Fecha%5Bdate%5D=2020-02-15&Fecha%5Btime%5D=00%3A00&_format=json,dataset,dataset,confirmado
"Bica Velázquez, Verónica",senado,49,PN,integrante_temporal,https://parlamento.gub.uy/sobreelparlamento/integracionhistorica/josn?Cpo_Codigo=S&Quienes=I&Fecha%5Bdate%5D=2021-09-11&Fecha%5Btime%5D=00%3A00&_format=json,dataset,dataset,confirmado
"Blás, Rodrigo",senado,49,PN,integrante_temporal,https://parlamento.gub.uy/sobreelparlamento/integracionhistorica/josn?Cpo_Codigo=S&Quienes=I&Fecha%5Bdate%5D=2021-12-04&Fecha%5Btime%5D=00%3A00&_format=json,dataset,dataset,confirmado
"Bonomi, Eduardo",senado,49,FA,titular,https://parlamento.gub.uy/sobreelparlamento/integracionhistorica/josn?Cpo_Codigo=S&Quienes=I&Fecha%5Bdate%5D=2020-02-15&Fecha%5Btime%5D=00%3A00&_format=json,dataset,dataset,confirmado
"Botana, Sergio",senado,49,PN,titular,https://parlamento.gub.uy/sobreelparlamento/integracionhistorica/josn?Cpo_Codigo=S&Quienes=I&Fecha%5Bdate%5D=2020-02-15&Fecha%5Btime%5D=00%3A00&_format=json,dataset,dataset,confirmado
"Brenta Badano, Eduardo Alfonso",senado,49,FA,titular,https://parlamento.gub.uy/sobreelparlamento/integracionhistorica/josn?Cpo_Codigo=S&Quienes=I&Fecha%5Bdate%5D=2023-12-16&Fecha%5Btime%5D=00%3A00&_format=json,dataset,dataset,confirmado
"Caggiani, Daniel",senado,49,FA,titular,https://parlamento.gub.uy/sobreelparlamento/integracionhistorica/josn?Cpo_Codigo=S&Quienes=I&Fecha%5Bdate%5D=2022-03-12&Fecha%5Btime%5D=00%3A00&_format=json,dataset,dataset,confirmado
"Camy Antognazza, Carlos",senado,49,PN,titular,https://parlamento.gub.uy/sobreelparlamento/integracionhistorica/josn?Cpo_Codigo=S&Quienes=I&Fecha%5Bdate%5D=2020-03-14&Fecha%5Btime%5D=00%3A00&_format=json,dataset,dataset,confirmado
"Canon Pedragosa, Enrique Gilberto",senado,49,FA,integrante_temporal,https://parlamento.gub.uy/sobreelparlamento/integracionhistorica/josn?Cpo_Codigo=S&Quienes=I&Fecha%5Bdate%5D=2024-03-09&Fecha%5Btime%5D=00%3A00&_format=json,dataset,dataset,confirmado
"Cardoso, Germán",senado,49,PC,integrante_temporal,https://parlamento.gub.uy/sobreelparlamento/integracionhistorica/josn?Cpo_Codigo=S&Quienes=I&Fecha%5Bdate%5D=2022-12-03&Fecha%5Btime%5D=00%3A00&_format=json,dataset,dataset,confirmado
"Carrera Leal, Charles",senado,49,FA,titular,https://parlamento.gub.uy/sobreelparlamento/integracionhistorica/josn?Cpo_Codigo=S&Quienes=I&Fecha%5Bdate%5D=2020-02-15&Fecha%5Btime%5D=00%3A00&_format=json,dataset,dataset,confirmado
"Castaingdebat, Armando",senado,49,PN,integrante_temporal,https://parlamento.gub.uy/sobreelparlamento/integracionhistorica/josn?Cpo_Codigo=S&Quienes=I&Fecha%5Bdate%5D=2023-03-11&Fecha%5Btime%5D=00%3A00&_format=json,dataset,dataset,confirmado
"Castillo, Juan",senado,49,FA,integrante_temporal,https://parlamento.gub.uy/sobreelparlamento/integracionhistorica/josn?Cpo_Codigo=S&Quienes=I&Fecha%5Bdate%5D=2022-12-03&Fecha%5Btime%5D=00%3A00&_format=json,dataset,dataset,confirmado
"Charamelo, Richard",senado,49,PN,integrante_temporal,https://parlamento.gub.uy/camarasycomisiones/legisladores/7764,manual,biografia,alto
"Cosse, Carolina",senado,49,FA,titular,https://parlamento.gub.uy/sobreelparlamento/integracionhistorica/josn?Cpo_Codigo=S&Quienes=I&Fecha%5Bdate%5D=2020-02-15&Fecha%5Btime%5D=00%3A00&_format=json,dataset,dataset,confirmado
"Coutinho Rodríguez, Germán",senado,49,PC,titular,https://parlamento.gub.uy/sobreelparlamento/integracionhistorica/josn?Cpo_Codigo=S&Quienes=I&Fecha%5Bdate%5D=2020-02-15&Fecha%5Btime%5D=00%3A00&_format=json,dataset,dataset,confirmado
"Da Silva, Sebastián",senado,49,PN,integrante_temporal,https://parlamento.gub.uy/sobreelparlamento/integracionhistorica/josn?Cpo_Codigo=S&Quienes=I&Fecha%5Bdate%5D=2020-10-10&Fecha%5Btime%5D=00%3A00&_format=json,dataset,dataset,confirmado
"De Mattos, Alfredo",senado,49,PN,integrante_temporal,https://parlamento.gub.uy/sobreelparlamento/integracionhistorica/josn?Cpo_Codigo=S&Quienes=I&Fecha%5Bdate%5D=2022-07-02&Fecha%5Btime%5D=00%3A00&_format=json,dataset,dataset,confirmado
"Delgado, Alvaro",senado,49,PN,titular,https://parlamento.gub.uy/sobreelparlamento/integracionhistorica/josn?Cpo_Codigo=S&Quienes=I&Fecha%5Bdate%5D=2020-02-15&Fecha%5Btime%5D=00%3A00&_format=json,dataset,dataset,confirmado
"Della Ventura, Amanda",senado,49,FA,titular,https://parlamento.gub.uy/sobreelparlamento/integracionhistorica/josn?Cpo_Codigo=S&Quienes=I&Fecha%5Bdate%5D=2020-02-15&Fecha%5Btime%5D=00%3A00&_format=json,dataset,dataset,confirmado
"Delpino, Sergio",senado,49,PN,integrante_temporal,https://parlamento.gub.uy/sobreelparlamento/integracionhistorica/josn?Cpo_Codigo=S&Quienes=I&Fecha%5Bdate%5D=2021-03-27&Fecha%5Btime%5D=00%3A00&_format=json,dataset,dataset,confirmado
"Domenech Martínez, Guillermo José",senado,49,CA,titular,https://parlamento.gub.uy/sobreelparlamento/integracionhistorica/josn?Cpo_Codigo=S&Quienes=I&Fecha%5Bdate%5D=2020-02-15&Fecha%5Btime%5D=00%3A00&_format=json,dataset,dataset,confirmado
"Etcheverry Lima, Lucía",senado,49,FA,integrante_temporal,https://parlamento.gub.uy/camarasycomisiones/legisladores/10465,manual,biografia,alto
"Falero, José Luis",senado,49,PN,titular,https://parlamento.gub.uy/sobreelparlamento/integracionhistorica/josn?Cpo_Codigo=S&Quienes=I&Fecha%5Bdate%5D=2020-02-15&Fecha%5Btime%5D=00%3A00&_format=json,dataset,dataset,confirmado
"Ferreira Sienra, Wilson Gonzalo",senado,49,CA,integrante_temporal,https://parlamento.gub.uy/sobreelparlamento/integracionhistorica/josn?Cpo_Codigo=S&Quienes=I&Fecha%5Bdate%5D=2020-10-10&Fecha%5Btime%5D=00%3A00&_format=json,dataset,dataset,confirmado
"Gandini, Jorge",senado,49,PN,titular,https://parlamento.gub.uy/sobreelparlamento/integracionhistorica/josn?Cpo_Codigo=S&Quienes=I&Fecha%5Bdate%5D=2020-02-15&Fecha%5Btime%5D=00%3A00&_format=json,dataset,dataset,confirmado
"García, Alem",senado,49,PN,integrante_temporal,https://parlamento.gub.uy/camarasycomisiones/legisladores/170,manual,biografia,alto
"García, Graciela",senado,49,FA,titular,https://parlamento.gub.uy/sobreelparlamento/integracionhistorica/josn?Cpo_Codigo=S&Quienes=I&Fecha%5Bdate%5D=2024-10-05&Fecha%5Btime%5D=00%3A00&_format=json,dataset,dataset,confirmado
"García, Javier",senado,49,PN,titular,https://parlamento.gub.uy/sobreelparlamento/integracionhistorica/josn?Cpo_Codigo=S&Quienes=I&Fecha%5Bdate%5D=2020-02-29&Fecha%5Btime%5D=00%3A00&_format=json,dataset,dataset,confirmado
"Goñi Reyes, Rodrigo",senado,49,PN,integrante_temporal,https://parlamento.gub.uy/camarasycomisiones/legisladores/5938,manual,biografia,alto
"Heber, Luis Alberto",senado,49,PN,titular,https://parlamento.gub.uy/sobreelparlamento/integracionhistorica/josn?Cpo_Codigo=S&Quienes=I&Fecha%5Bdate%5D=2020-02-15&Fecha%5Btime%5D=00%3A00&_format=json,dataset,dataset,confirmado
"Hunter Luzardo, Ana Laura",senado,49,PC,integrante_temporal,https://parlamento.gub.uy/sobreelparlamento/integracionhistorica/josn?Cpo_Codigo=S&Quienes=I&Fecha%5Bdate%5D=2022-04-23&Fecha%5Btime%5D=00%3A00&_format=json,dataset,dataset,confirmado
"Iturralde Viñas, Pablo",senado,49,PN,integrante_temporal,https://parlamento.gub.uy/sobreelparlamento/integracionhistorica/josn?Cpo_Codigo=S&Quienes=I&Fecha%5Bdate%5D=2021-03-13&Fecha%5Btime%5D=00%3A00&_format=json,dataset,dataset,confirmado
"Kechichian, Liliam",senado,49,FA,titular,https://parlamento.gub.uy/sobreelparlamento/integracionhistorica/josn?Cpo_Codigo=S&Quienes=I&Fecha%5Bdate%5D=2020-02-15&Fecha%5Btime%5D=00%3A00&_format=json,dataset,dataset,confirmado
"Lacalle Pou, Luis Alberto",senado,49,PN,titular,https://parlamento.gub.uy/sobreelparlamento/integracionhistorica/josn?Cpo_Codigo=S&Quienes=I&Fecha%5Bdate%5D=2020-02-15&Fecha%5Btime%5D=00%3A00&_format=json,dataset,dataset,confirmado
"Lamorte Russomanno, Aldo",senado,49,PN,integrante_temporal,https://parlamento.gub.uy/sobreelparlamento/integracionhistorica/josn?Cpo_Codigo=S&Quienes=I&Fecha%5Bdate%5D=2023-03-11&Fecha%5Btime%5D=00%3A00&_format=json,dataset,dataset,confirmado
"Lanz Adib, Pablo Martín",senado,49,PC,titular,https://parlamento.gub.uy/sobreelparlamento/integracionhistorica/josn?Cpo_Codigo=S&Quienes=I&Fecha%5Bdate%5D=2020-09-12&Fecha%5Btime%5D=00%3A00&_format=json,dataset,dataset,confirmado
"Larrañaga, Jorge",senado,49,PN,titular,https://parlamento.gub.uy/sobreelparlamento/integracionhistorica/josn?Cpo_Codigo=S&Quienes=I&Fecha%5Bdate%5D=2020-02-15&Fecha%5Btime%5D=00%3A00&_format=json,dataset,dataset,confirmado
"Lazo, Sandra",senado,49,FA,titular,https://parlamento.gub.uy/sobreelparlamento/integracionhistorica/josn?Cpo_Codigo=S&Quienes=I&Fecha%5Bdate%5D=2020-02-15&Fecha%5Btime%5D=00%3A00&_format=json,dataset,dataset,confirmado
"Liberoff Nemirovsky, Benjamín José",senado,49,FA,integrante_temporal,https://parlamento.gub.uy/sobreelparlamento/integracionhistorica/josn?Cpo_Codigo=S&Quienes=I&Fecha%5Bdate%5D=2022-09-24&Fecha%5Btime%5D=00%3A00&_format=json,dataset,dataset,confirmado
"Lozano Bonet, Raúl",senado,49,CA,integrante_temporal,https://parlamento.gub.uy/sobreelparlamento/integracionhistorica/josn?Cpo_Codigo=S&Quienes=I&Fecha%5Bdate%5D=2020-03-14&Fecha%5Btime%5D=00%3A00&_format=json,dataset,dataset,confirmado
"Lust Hitta, Eduardo",senado,49,CA,integrante_temporal,https://parlamento.gub.uy/sobreelparlamento/integracionhistorica/josn?Cpo_Codigo=S&Quienes=I&Fecha%5Bdate%5D=2022-10-08&Fecha%5Btime%5D=00%3A00&_format=json,dataset,dataset,confirmado
"Mahía, José Carlos",senado,49,FA,titular,https://parlamento.gub.uy/sobreelparlamento/integracionhistorica/josn?Cpo_Codigo=S&Quienes=I&Fecha%5Bdate%5D=2020-02-29&Fecha%5Btime%5D=00%3A00&_format=json,dataset,dataset,confirmado
"Manini Ríos, Guido",senado,49,CA,titular,https://parlamento.gub.uy/sobreelparlamento/integracionhistorica/josn?Cpo_Codigo=S&Quienes=I&Fecha%5Bdate%5D=2020-02-15&Fecha%5Btime%5D=00%3A00&_format=json,dataset,dataset,confirmado
"Meléndez, Lauro",senado,49,FA,integrante_temporal,https://parlamento.gub.uy/sobreelparlamento/integracionhistorica/josn?Cpo_Codigo=S&Quienes=I&Fecha%5Bdate%5D=2020-10-10&Fecha%5Btime%5D=00%3A00&_format=json,dataset,dataset,confirmado
"Methol Sastre, Marcos",senado,49,CA,integrante_temporal,https://parlamento.gub.uy/sobreelparlamento/integracionhistorica/josn?Cpo_Codigo=S&Quienes=I&Fecha%5Bdate%5D=2021-09-11&Fecha%5Btime%5D=00%3A00&_format=json,dataset,dataset,confirmado
"Moreira Fernández, Irene Renée",senado,49,CA,titular,https://parlamento.gub.uy/sobreelparlamento/integracionhistorica/josn?Cpo_Codigo=S&Quienes=I&Fecha%5Bdate%5D=2020-02-15&Fecha%5Btime%5D=00%3A00&_format=json,dataset,dataset,confirmado
"Mujica, José",senado,49,FA,titular,https://parlamento.gub.uy/sobreelparlamento/integracionhistorica/josn?Cpo_Codigo=S&Quienes=I&Fecha%5Bdate%5D=2020-02-15&Fecha%5Btime%5D=00%3A00&_format=json,dataset,dataset,confirmado
"Nane Vincon, Silvia",senado,49,FA,titular,https://parlamento.gub.uy/sobreelparlamento/integracionhistorica/josn?Cpo_Codigo=S&Quienes=I&Fecha%5Bdate%5D=2020-10-24&Fecha%5Btime%5D=00%3A00&_format=json,dataset,dataset,confirmado
"Niffouri, Amín",senado,49,PN,titular,https://parlamento.gub.uy/sobreelparlamento/integracionhistorica/josn?Cpo_Codigo=S&Quienes=I&Fecha%5Bdate%5D=2020-03-14&Fecha%5Btime%5D=00%3A00&_format=json,dataset,dataset,confirmado
"Nunes, José",senado,49,FA,titular,https://parlamento.gub.uy/sobreelparlamento/integracionhistorica/josn?Cpo_Codigo=S&Quienes=I&Fecha%5Bdate%5D=2022-12-17&Fecha%5Btime%5D=00%3A00&_format=json,dataset,dataset,confirmado
"Olesker, Daniel",senado,49,FA,titular,https://parlamento.gub.uy/sobreelparlamento/integracionhistorica/josn?Cpo_Codigo=S&Quienes=I&Fecha%5Bdate%5D=2020-02-15&Fecha%5Btime%5D=00%3A00&_format=json,dataset,dataset,confirmado
"Ortuño, Edgardo",senado,49,FA,integrante_temporal,https://parlamento.gub.uy/camarasycomisiones/legisladores/5221,manual,biografia,alto
"Penadés, Gustavo",senado,49,PN,integrante_temporal,https://parlamento.gub.uy/sobreelparlamento/integracionhistorica/josn?Cpo_Codigo=S&Quienes=I&Fecha%5Bdate%5D=2020-03-14&Fecha%5Btime%5D=00%3A00&_format=json,dataset,dataset,confirmado
"Peña, Adrián",senado,49,PC,titular,https://parlamento.gub.uy/sobreelparlamento/integracionhistorica/josn?Cpo_Codigo=S&Quienes=I&Fecha%5Bdate%5D=2020-02-15&Fecha%5Btime%5D=00%3A00&_format=json,dataset,dataset,confirmado
"Pereyra (duplicado), Anibal",senado,49,FA,integrante_temporal,https://parlamento.gub.uy/sobreelparlamento/integracionhistorica/josn?Cpo_Codigo=S&Quienes=I&Fecha%5Bdate%5D=2021-10-09&Fecha%5Btime%5D=00%3A00&_format=json,dataset,dataset,confirmado
"Pereyra, Aníbal",senado,49,FA,integrante_temporal,https://parlamento.gub.uy/sobreelparlamento/integracionhistorica/josn?Cpo_Codigo=S&Quienes=I&Fecha%5Bdate%5D=2022-05-07&Fecha%5Btime%5D=00%3A00&_format=json,dataset,dataset,confirmado
"Pintado Sabini, Luis Eduardo",senado,49,PC,integrante_temporal,https://parlamento.gub.uy/sobreelparlamento/integracionhistorica/josn?Cpo_Codigo=S&Quienes=I&Fecha%5Bdate%5D=2022-05-21&Fecha%5Btime%5D=00%3A00&_format=json,dataset,dataset,confirmado
"Ponte, Elena",senado,49,FA,integrante_temporal,https://parlamento.gub.uy/sobreelparlamento/integracionhistorica/josn?Cpo_Codigo=S&Quienes=I&Fecha%5Bdate%5D=2023-03-25&Fecha%5Btime%5D=00%3A00&_format=json,dataset,dataset,confirmado
"Queijo Luisi, Liliana Elena",senado,49,FA,integrante_temporal,https://parlamento.gub.uy/sobreelparlamento/integracionhistorica/josn?Cpo_Codigo=S&Quienes=I&Fecha%5Bdate%5D=2020-10-10&Fecha%5Btime%5D=00%3A00&_format=json,dataset,dataset,confirmado
"Reisch, Nibia",senado,49,PC,integrante_temporal,https://parlamento.gub.uy/camarasycomisiones/legisladores/11709,manual,biografia,alto
"Ricagni, Federico",senado,49,PN,integrante_temporal,https://parlamento.gub.uy/sobreelparlamento/integracionhistorica/josn?Cpo_Codigo=S&Quienes=I&Fecha%5Bdate%5D=2022-05-07&Fecha%5Btime%5D=00%3A00&_format=json,dataset,dataset,confirmado
"Rodríguez, Gloria",senado,49,PN,titular,https://parlamento.gub.uy/sobreelparlamento/integracionhistorica/josn?Cpo_Codigo=S&Quienes=I&Fecha%5Bdate%5D=2020-02-15&Fecha%5Btime%5D=00%3A00&_format=json,dataset,dataset,confirmado
"Rubio, Enrique",senado,49,FA,titular,https://parlamento.gub.uy/sobreelparlamento/integracionhistorica/josn?Cpo_Codigo=S&Quienes=I&Fecha%5Bdate%5D=2020-02-15&Fecha%5Btime%5D=00%3A00&_format=json,dataset,dataset,confirmado
"Russi Maine, Ítalo Uruguay",senado,49,FA,integrante_temporal,https://parlamento.gub.uy/sobreelparlamento/integracionhistorica/josn?Cpo_Codigo=S&Quienes=I&Fecha%5Bdate%5D=2023-03-11&Fecha%5Btime%5D=00%3A00&_format=json,dataset,dataset,confirmado
"Sabini, Sebastián",senado,49,FA,titular,https://parlamento.gub.uy/sobreelparlamento/integracionhistorica/josn?Cpo_Codigo=S&Quienes=I&Fecha%5Bdate%5D=2020-06-06&Fecha%5Btime%5D=00%3A00&_format=json,dataset,dataset,confirmado
"Sánchez, Alejandro",senado,49,FA,titular,https://parlamento.gub.uy/sobreelparlamento/integracionhistorica/josn?Cpo_Codigo=S&Quienes=I&Fecha%5Bdate%5D=2020-06-06&Fecha%5Btime%5D=00%3A00&_format=json,dataset,dataset,confirmado
"Sanguinetti Masjuan, Carmen",senado,49,PC,titular,https://parlamento.gub.uy/sobreelparlamento/integracionhistorica/josn?Cpo_Codigo=S&Quienes=I&Fecha%5Bdate%5D=2020-03-14&Fecha%5Btime%5D=00%3A00&_format=json,dataset,dataset,confirmado
"Sanguinetti, Julio María",senado,49,PC,titular,https://parlamento.gub.uy/sobreelparlamento/integracionhistorica/josn?Cpo_Codigo=S&Quienes=I&Fecha%5Bdate%5D=2020-02-15&Fecha%5Btime%5D=00%3A00&_format=json,dataset,dataset,confirmado
"Saravia, Jorge",senado,49,PN,integrante_temporal,https://parlamento.gub.uy/sobreelparlamento/integracionhistorica/josn?Cpo_Codigo=S&Quienes=I&Fecha%5Bdate%5D=2021-10-23&Fecha%5Btime%5D=00%3A00&_format=json,dataset,dataset,confirmado
"Sartori Piñeyro, Juan José",senado,49,PN,titular,https://parlamento.gub.uy/sobreelparlamento/integracionhistorica/josn?Cpo_Codigo=S&Quienes=I&Fecha%5Bdate%5D=2020-02-15&Fecha%5Btime%5D=00%3A00&_format=json,dataset,dataset,confirmado
"Straneo Abreu, Juan Héctor",senado,49,PN,integrante_temporal,https://parlamento.gub.uy/sobreelparlamento/integracionhistorica/josn?Cpo_Codigo=S&Quienes=I&Fecha%5Bdate%5D=2022-12-31&Fecha%5Btime%5D=00%3A00&_format=json,dataset,dataset,confirmado
"Talvi Pérez, Ernesto",senado,49,PC,titular,https://parlamento.gub.uy/sobreelparlamento/integracionhistorica/josn?Cpo_Codigo=S&Quienes=I&Fecha%5Bdate%5D=2020-02-15&Fecha%5Btime%5D=00%3A00&_format=json,dataset,dataset,confirmado
"Topolansky, Lucía",senado,49,FA,titular,https://parlamento.gub.uy/sobreelparlamento/integracionhistorica/josn?Cpo_Codigo=S&Quienes=I&Fecha%5Bdate%5D=2020-02-15&Fecha%5Btime%5D=00%3A00&_format=json,dataset,dataset,confirmado
"Viera Duarte, Tabaré",senado,49,PC,titular,https://parlamento.gub.uy/sobreelparlamento/integracionhistorica/josn?Cpo_Codigo=S&Quienes=I&Fecha%5Bdate%5D=2020-03-28&Fecha%5Btime%5D=00%3A00&_format=json,dataset,dataset,confirmado
